{"@context":"http://schema.org/","description":"Before the 1960s, almost everything about living openly as a lesbian, gay, bisexual, transgender, or queer (LGBTQ+) person was illegal. The Stonewall Uprising on June 28, 1969 is a milestone in the quest for LGBTQ+ civil rights and provided momentum for a movement.","containsPlace":[{"geo":{"@type":"GeoCoordinates","longitude":"-74.00215834976729","latitude":"40.7338279433916"},"@context":"http://schema.org/","openingHoursSpecification":[{"dayOfWeek":"http://schema.org/Sunday","closes":"16:00:00","description":"Check the Stonewall National Monument Visitor Center website (https://stonewallvisitorcenter.org/) for the most up to date information about closings and hours.","@type":"OpeningHoursSpecification","opens":"10:00:00","name":"Stonewall National Monument Visitor Center"},{"dayOfWeek":"http://schema.org/Monday","description":"Check the Stonewall National Monument Visitor Center website (https://stonewallvisitorcenter.org/) for the most up to date information about closings and hours.","@type":"OpeningHoursSpecification","name":"Stonewall National Monument Visitor Center"},{"dayOfWeek":"http://schema.org/Tuesday","closes":"16:00:00","description":"Check the Stonewall National Monument Visitor Center website (https://stonewallvisitorcenter.org/) for the most up to date information about closings and hours.","@type":"OpeningHoursSpecification","opens":"10:00:00","name":"Stonewall National Monument Visitor Center"},{"dayOfWeek":"http://schema.org/Wednesday","closes":"16:00:00","description":"Check the Stonewall National Monument Visitor Center website (https://stonewallvisitorcenter.org/) for the most up to date information about closings and hours.","@type":"OpeningHoursSpecification","opens":"10:00:00","name":"Stonewall National Monument Visitor Center"},{"dayOfWeek":"http://schema.org/Thursday","closes":"16:00:00","description":"Check the Stonewall National Monument Visitor Center website (https://stonewallvisitorcenter.org/) for the most up to date information about closings and hours.","@type":"OpeningHoursSpecification","opens":"10:00:00","name":"Stonewall National Monument Visitor Center"},{"dayOfWeek":"http://schema.org/Friday","closes":"16:00:00","description":"Check the Stonewall National Monument Visitor Center website (https://stonewallvisitorcenter.org/) for the most up to date information about closings and hours.","@type":"OpeningHoursSpecification","opens":"10:00:00","name":"Stonewall National Monument Visitor Center"},{"dayOfWeek":"http://schema.org/Saturday","closes":"16:00:00","description":"Check the Stonewall National Monument Visitor Center website (https://stonewallvisitorcenter.org/) for the most up to date information about closings and hours.","@type":"OpeningHoursSpecification","opens":"10:00:00","name":"Stonewall National Monument Visitor Center"}],"@type":"Place","address":[{"postalCode":"","@context":"http://schema.org/","addressRegion":"","@type":"PostalAddress","streetAddress":"  ","addressLocality":"","name":"Physical Address"},{"postalCode":"","@context":"http://schema.org/","addressRegion":"","@type":"PostalAddress","streetAddress":"  ","addressLocality":"","name":"Mailing Address"}],"url":"https://stonewallvisitorcenter.org/","name":"Stonewall National Monument Visitor Center"}],"openingHoursSpecification":[{"dayOfWeek":"http://schema.org/Sunday","closes":"17:00:00","description":"Off peak operation occurs November - April, with the park opening and closing daily from 7 am - 5 pm. Holidays and poor weather can be affect these hours.","@type":"OpeningHoursSpecification","opens":"07:00:00","label":"Off Peak Hours","name":"Off Peak Hours"},{"dayOfWeek":"http://schema.org/Monday","closes":"17:00:00","description":"Off peak operation occurs November - April, with the park opening and closing daily from 7 am - 5 pm. Holidays and poor weather can be affect these hours.","@type":"OpeningHoursSpecification","opens":"07:00:00","label":"Off Peak Hours","name":"Off Peak Hours"},{"dayOfWeek":"http://schema.org/Tuesday","closes":"17:00:00","description":"Off peak operation occurs November - April, with the park opening and closing daily from 7 am - 5 pm. Holidays and poor weather can be affect these hours.","@type":"OpeningHoursSpecification","opens":"07:00:00","label":"Off Peak Hours","name":"Off Peak Hours"},{"dayOfWeek":"http://schema.org/Wednesday","closes":"17:00:00","description":"Off peak operation occurs November - April, with the park opening and closing daily from 7 am - 5 pm. Holidays and poor weather can be affect these hours.","@type":"OpeningHoursSpecification","opens":"07:00:00","label":"Off Peak Hours","name":"Off Peak Hours"},{"dayOfWeek":"http://schema.org/Thursday","closes":"17:00:00","description":"Off peak operation occurs November - April, with the park opening and closing daily from 7 am - 5 pm. Holidays and poor weather can be affect these hours.","@type":"OpeningHoursSpecification","opens":"07:00:00","label":"Off Peak Hours","name":"Off Peak Hours"},{"dayOfWeek":"http://schema.org/Friday","closes":"17:00:00","description":"Off peak operation occurs November - April, with the park opening and closing daily from 7 am - 5 pm. Holidays and poor weather can be affect these hours.","@type":"OpeningHoursSpecification","opens":"07:00:00","label":"Off Peak Hours","name":"Off Peak Hours"},{"dayOfWeek":"http://schema.org/Saturday","closes":"17:00:00","description":"Off peak operation occurs November - April, with the park opening and closing daily from 7 am - 5 pm. Holidays and poor weather can be affect these hours.","@type":"OpeningHoursSpecification","opens":"07:00:00","label":"Off Peak Hours","name":"Off Peak Hours"}],"@type":"Place","branchCode":"ston","address":[{"postalCode":"10014     ","@context":"http://schema.org/","addressRegion":"NY","@type":"PostalAddress","streetAddress":"Intersection of Christopher, Grove, and Fourth Streets.  ","addressLocality":"New York","name":"Physical Address"},{"postalCode":"10005     ","@context":"http://schema.org/","addressRegion":"NY","@type":"PostalAddress","streetAddress":"26 Wall Street Federal Hall National Monument c/o Stonewall National Monument ","addressLocality":"New York","name":"Mailing Address"}],"url":"https://www.nps.gov/ston/","name":"Stonewall National Monument"}
