{"mailingAddressLine2":"Federal Hall National Monument c/o Stonewall National Monument","mailingAddressLine1":"26 Wall Street","mailingAddressLine3":"","mailingAddressID":7150,"physicalAddressCity":"New York","parkingLots":[],"telephoneExtensionVoice":"","directions":"Christopher Park is bounded by Christopher, Grove, and West Fourth Streets. By subway, take the Broadway 1 Line - 7th Avenue local to Christopher Street-Sheridan Square Station; or via the 7th Avenue bus line on the M8 or M20. From Jersey City, take the Holland Tunnel to Ericsson Pl, via exit 3, then take the Avenue of the Americas north to Christopher Street. From Brooklyn take the Manhattan Bridge to Canal Street, then take the Avenue of the Americas north to Christopher Street.","tumblrURL":"","emailDescription":"","telephoneExtensionFax":"","facebookURL":"https://www.facebook.com/StonewallNationalMonumentNPS","foursquareURL":"","youtubeURL":"https://www.youtube.com/channel/UCblT4NdJtBInIY38EQ3a0Lg","mailingAddressCountryCode":"US","name":"Stonewall National Monument","mailingAddressStateCode":"NY","campgrounds":[],"instagramURL":"https://www.instagram.com/stonewallnps/","telephoneNumberVoice":"","physicalAddressProvinceTerritoryCode":"","internetPublicWifi":0,"mailingAddressCity":"New York","physicalAddressID":7151,"mailingAddressProvinceTerritoryCode":"","emailAddress":"7891D4B598C4AEB0989B1DBFEA59ACA250","telephoneDescription":"","entranceFees":[],"entrancePasses":[],"telephoneNumberFax":"","directionsURL":"http://www.nps.gov/ston/planyourvisit/directions.htm","url":"https://www.nps.gov/ston/","operatingHours":[{"hours":[{"dayOfWeek":1,"time_close":"5:00 PM","time_open":"7:00 AM","sunrise_open":0,"sunset_close":0,"is_closed":0},{"dayOfWeek":2.0,"time_close":"5:00 PM","time_open":"7:00 AM","sunrise_open":0,"sunset_close":0,"is_closed":0},{"dayOfWeek":3.0,"time_close":"5:00 PM","time_open":"7:00 AM","sunrise_open":0,"sunset_close":0,"is_closed":0},{"dayOfWeek":4.0,"time_close":"5:00 PM","time_open":"7:00 AM","sunrise_open":0,"sunset_close":0,"is_closed":0},{"dayOfWeek":5.0,"time_close":"5:00 PM","time_open":"7:00 AM","sunrise_open":0,"sunset_close":0,"is_closed":0},{"dayOfWeek":6.0,"time_close":"5:00 PM","time_open":"7:00 AM","sunrise_open":0,"sunset_close":0,"is_closed":0},{"dayOfWeek":7.0,"time_close":"5:00 PM","time_open":"7:00 AM","sunrise_open":0,"sunset_close":0,"is_closed":0}],"description":"Off peak operation occurs November - April, with the park opening and closing daily from 7 am - 5 pm. Holidays and poor weather can be affect these hours.","label":"Off Peak Hours","operatingScheduleID":21237,"name":"All Park - Off Peak Hours"},{"hours":[{"dayOfWeek":1,"time_close":"4:00 PM","time_open":"10:00 AM","sunrise_open":0,"sunset_close":0,"is_closed":0},{"dayOfWeek":2.0,"time_close":"12:00 AM","time_open":"12:00 AM","sunrise_open":0,"sunset_close":0,"is_closed":1},{"dayOfWeek":3.0,"time_close":"4:00 PM","time_open":"10:00 AM","sunrise_open":0,"sunset_close":0,"is_closed":0},{"dayOfWeek":4.0,"time_close":"4:00 PM","time_open":"10:00 AM","sunrise_open":0,"sunset_close":0,"is_closed":0},{"dayOfWeek":5.0,"time_close":"4:00 PM","time_open":"10:00 AM","sunrise_open":0,"sunset_close":0,"is_closed":0},{"dayOfWeek":6.0,"time_close":"4:00 PM","time_open":"10:00 AM","sunrise_open":0,"sunset_close":0,"is_closed":0},{"dayOfWeek":7.0,"time_close":"4:00 PM","time_open":"10:00 AM","sunrise_open":0,"sunset_close":0,"is_closed":0}],"description":"Check the Stonewall National Monument Visitor Center website (https://stonewallvisitorcenter.org/) for the most up to date information about closings and hours.","label":"Visitor Center Hours","operatingScheduleID":21493,"type":"Visitor Center","name":"Visitor Center - Stonewall National Monument Visitor Center"}],"physicalAddressPostalCode":"10014     ","physicalAddressLine3":"","description":"Before the 1960s, almost everything about living openly as a lesbian, gay, bisexual, transgender, or queer (LGBTQ+) person was illegal. The Stonewall Uprising on June 28, 1969 is a milestone in the quest for LGBTQ+ civil rights and provided momentum for a movement.","physicalAddressLine1":"Intersection of Christopher, Grove, and Fourth Streets.","physicalAddressLine2":"","siteCode":"ston","pinterestURL":"","internetURL":"","visitorCenters":[{"location":{"longitude":"-74.00215834976729","latitude":"40.7338279433916"},"physical_address":{"line_3":"","city":"","postal_code":"","line_2":"","line_1":"","state_code":""},"emailDescription":"","telephoneExtensionFax":"","audio_description":"","emailAddress":"5891D4B598C4AEB0989B1DBFEA59ACA250","telephoneDescription":"","telephoneNumberFax":"","mailing_address":{"line_3":"","city":"","postal_code":"","line_2":"","line_1":"","state_code":""},"name":"Stonewall National Monument Visitor Center","visitorCenterID":6062,"telephoneNumberTty":"","operatingHours":{"1":{"hours":[{"dayOfWeek":1,"time_close":"4:00 PM","time_open":"10:00 AM","sunrise_open":0,"sunset_close":0,"is_closed":0},{"dayOfWeek":2.0,"time_close":"12:00 AM","time_open":"12:00 AM","sunrise_open":0,"sunset_close":0,"is_closed":1},{"dayOfWeek":3.0,"time_close":"4:00 PM","time_open":"10:00 AM","sunrise_open":0,"sunset_close":0,"is_closed":0},{"dayOfWeek":4.0,"time_close":"4:00 PM","time_open":"10:00 AM","sunrise_open":0,"sunset_close":0,"is_closed":0},{"dayOfWeek":5.0,"time_close":"4:00 PM","time_open":"10:00 AM","sunrise_open":0,"sunset_close":0,"is_closed":0},{"dayOfWeek":6.0,"time_close":"4:00 PM","time_open":"10:00 AM","sunrise_open":0,"sunset_close":0,"is_closed":0},{"dayOfWeek":7.0,"time_close":"4:00 PM","time_open":"10:00 AM","sunrise_open":0,"sunset_close":0,"is_closed":0}],"description":"Check the Stonewall National Monument Visitor Center website (https://stonewallvisitorcenter.org/) for the most up to date information about closings and hours.","label":"Visitor Center Hours","operatingScheduleID":21493,"type":"Visitor Center","name":"Stonewall National Monument Visitor Center"}},"description":"The Stonewall National Monument Visitor Center contains interactive exhibits about the Stonewall uprising and LGBTQ+ civil rights movement, as well as informational videos and space for reflection. ","images":[],"telephoneExtensionTty":"","amenities":["Accessible Rooms","Accessible Sites","Benches/Seating","Information","Information - Maps Available","Information - Ranger/Staff Member Present","Internet/WiFi Available","Junior Ranger Booklet Available","Restroom","Restroom - Accessible"],"telephoneExtensionVoice":"","telephoneNumberVoice":"","directions":"By subway, take the Broadway 1 Line - 7th Avenue local to Christopher Street-Sheridan Square Station; or via the 7th Avenue bus line on the M8 or M20. You can also take the A, B, C or D to the W 4 St-Wash Sq station and walk about 8 minutes.\n","siteURL":"https://stonewallvisitorcenter.org/"}],"siteID":"533","internetDescription":"","physicalAddressStateCode":"NY","telephoneNumberTTY":"","weatherText":"New York City experiences all four seasons. It is typically hot in the summer and cold in the winter with cool springs and autumns. ","feesPasses":{"passes":[],"timedEntryDescriptionOrdinal":2,"fees":[],"hasEnhancedFees":0,"paidParkingHeading":"","customFeeURL":"","parkCode":"ston","customFeeHeading":"","paidParkingDescriptionOrdinal":3,"timedEntryDescription":"","timedEntryHeading":"","feesAtWorkUrl":"","customFeeDescriptionOrdinal":1,"entranceFeeDescriptionOrdinal":1,"paidParkingDescription":"","entrancePassDescription":"","isFipAccepted":0,"cashless":"No","multiParkPasses":[],"isFeeFreePark":1,"customFeeLinkText":"","isParkingFeePossible":0,"parkingDetailsUrl":"","entranceFeeDescription":"","customFeeDescription":""},"telephoneExtensionTTY":"","twitterURL":"https://twitter.com/StonewallNps","mailingAddressPostalCode":"10005     ","flickrURL":"","physicalAddressCountryCode":"US"}
