{
	"globalNavFeature": {
		"imgSrc":"/common/commonspot/templates/assets/images/globalnav/GlobalNavPromo_GLAC_JacobWFrank_158x94.jpg",
		"link":"/findapark/advanced-search.htm",
		"altText":"Plants and mountain silhouetted against Milky Way and starry night sky",
		"subtext":"",
		"callToActionText":"Search for parks by activity or topic"	
	},
	"navigation": [
		{ "title":"Plan Your Visit","link":"/planyourvisit/index.htm","class":"GlobalNav-plan_your_visit", 
		  "children": [
			{ "title":"Find a Park","link":"/findapark/index.htm" },	
			{ "title":"Events","link":"/planyourvisit/event-search.htm" },
			{ "title":"Passes","link":"/planyourvisit/passes.htm" },
			{ "title":"Trip Ideas","link":"/planyourvisit/trip-ideas.htm" }
		  ]
		},
		{ "title":"Learn & Explore","link":"/learnandexplore/index.htm","class":"GlobalNav-learn_and_explore",
		  "children": [
			{ "title":"About Us","link":"/aboutus/index.htm" },	
			{ "title":"Discover History","link":"/history/index.htm" },
			{ "title":"Explore Nature","link":"/nature/index.htm" },
			{ "title":"Kids","link":"/kids/index.htm" },
			{ "title":"Educators","link":"/teachers/index.htm" },
			{ "title":"News","link":"/aboutus/news/index.htm" },
			{ "title":"Photos & Multimedia","link":"/aboutus/news/photosmultimedia.htm" },
			{ "title":"Explore by Topic","link":"/learnandexplore/explore-by-topic.htm" }
		  ]
		},		
		{ "title":"Get Involved","link":"/getinvolved/index.htm","class":"GlobalNav-get_involved",
		  "children": [
			{ "title":"Donate","link":"/getinvolved/donate.htm" },	
			{ "title":"Partner","link":"/getinvolved/partner.htm" },
			{ "title":"Volunteer","link":"/getinvolved/volunteer.htm" },
			{ "title":"Work for Us","link":"/aboutus/workwithus.htm" },
			{ "title":"Community Resources","link":"/getinvolved/communities.htm" }				
		  ]
		}		
	]
}