[{"AssetCount":3,"IsLocked":false,"AltText":"Marsha P. Johnson wearing a flower crown and Stonewall sash while holding a sandwich and soda in front of food vendors","AssetBaseType":"Album","AssetID":"fde9bdf9-7c91-4c32-b522-df6613ef18b7","AssetStatus":"Active","AssetType":"Standard Album","Brandings":[{"Name":"MAIN","Title":"NPGallery Main Search"}],"Categories":["Scenic"],"ConstraintsInformation":{"Constraint":"Public domain","GrantingRights":"Unknown"},"Copyright":"Permission must be secured from the individual copyright owners to reproduce any copyrighted materials contained within this website. Digital assets without any copyright restrictions are public domain.","Description":"Photos from Stonewall National Monument","LastEditDateTime":"2023-08-12T17:14:45.047+00:00","Locations":[{"UnitCode":"STON","UnitName":"Stonewall National Monument","CoordinateSource":"N"}],"NPSUnits":[{"Name":"Stonewall National Monument","Type":"National Monument","Code":"STON"}],"Rating":5,"ResourceType":"Album","SubmittedDateTime":"2023-08-12T16:49:11.667+00:00","Title":"Stonewall National Monument"}]