{"rows":[{"unit_code":"acad","latitude":44.3916,"longitude":-68.2697,"source_type":"park","short_name":"Acadia NP","park_rank":5,"name":"Acadia National Park"},{"unit_code":"adam","latitude":42.25115329513591,"longitude":-71.00301623484917,"source_type":"park","short_name":"Adams NHP","park_rank":10,"name":"Adams National Historical Park"},{"unit_code":"afam","latitude":38.9166,"longitude":-77.026,"source_type":"park","short_name":"African American Civil War MEM","park_rank":17,"name":"African American Civil War Memorial"},{"unit_code":"afbg","latitude":40.7145,"longitude":-74.0043,"source_type":"park","short_name":"African Burial Ground NM","park_rank":11,"name":"African Burial Ground National Monument"},{"unit_code":"agfo","latitude":42.4217,"longitude":-103.7539,"source_type":"park","short_name":"Agate Fossil Beds NM","park_rank":9,"name":"Agate Fossil Beds National Monument"},{"unit_code":"alag","latitude":59.02384219347877,"longitude":-156.15422785007198,"source_type":"park","short_name":"Alagnak WR","park_rank":3,"name":"Alagnak Wild River"},{"unit_code":"anch","latitude":64.845698,"longitude":-131.64431,"source_type":"park","short_name":"Information Center","park_rank":19,"name":"Alaska Public Lands Information Center - Tok"},{"unit_code":"alca","latitude":37.8277,"longitude":-122.4243,"source_type":"park","short_name":"Golden Gate NRA","park_rank":16,"name":"Alcatraz Island, Golden Gate NRA"},{"unit_code":"aleu","latitude":53.9143,"longitude":-166.5197,"source_type":"park","short_name":"Aleutian World War II NHA","park_rank":18,"name":"Aleutian World War II National Historic Area"},{"unit_code":"alfl","latitude":35.582,"longitude":-101.6717,"source_type":"park","short_name":"Alibates Flint Quarries NM","park_rank":8,"name":"Alibates Flint Quarries National Monument"},{"unit_code":"amch","latitude":38.0496205828529,"longitude":-102.32902937732239,"source_type":"park","short_name":"Amache NHS","park_rank":15,"name":"Amache National Historic Site"},{"unit_code":"amme","latitude":15.2151,"longitude":145.7244,"source_type":"park","short_name":"American Memorial Park","park_rank":18,"name":"American Memorial Park"},{"unit_code":"amis","latitude":29.5354,"longitude":-101.0758,"source_type":"park","short_name":"Amistad NRA","park_rank":5,"name":"Amistad National Recreation Area"},{"unit_code":"anac","latitude":38.87822813911981,"longitude":-76.97031595002615,"source_type":"park","short_name":"Anacostia Park","park_rank":17,"name":"Anacostia Park"},{"unit_code":"ande","latitude":32.1979,"longitude":-84.1303,"source_type":"park","short_name":"Andersonville NHS","park_rank":8,"name":"Andersonville National Historic Site"},{"unit_code":"anjo","latitude":36.1562,"longitude":-82.8371,"source_type":"park","short_name":"Andrew Johnson NHS","park_rank":10,"name":"Andrew Johnson National Historic Site"},{"unit_code":"ania","latitude":56.890477154408,"longitude":-157.68190028711714,"source_type":"park","short_name":"Aniakchak N PRES","park_rank":1,"name":"Aniakchak National Preserve"},{"unit_code":"anti","latitude":39.4701,"longitude":-77.7381,"source_type":"park","short_name":"Antietam NB","park_rank":6,"name":"Antietam National Battlefield"},{"unit_code":"apis","latitude":46.9624,"longitude":-90.6605,"source_type":"park","short_name":"Apostle Islands NL","park_rank":5,"name":"Apostle Islands National Lakeshore"},{"unit_code":"appa","latitude":40.502,"longitude":-76.6046,"source_type":"park","short_name":"Appalachian NST","park_rank":1,"name":"Appalachian National Scenic Trail"},{"unit_code":"apco","latitude":37.3802,"longitude":-78.7986,"source_type":"park","short_name":"Appomattox Court House NHP","park_rank":8,"name":"Appomattox Court House National Historical Park"},{"unit_code":"arch","latitude":38.7226,"longitude":-109.5864,"source_type":"park","short_name":"Arches NP","park_rank":5,"name":"Arches National Park"},{"unit_code":"arpo","latitude":34.0202827014047,"longitude":-91.26257542667872,"source_type":"park","short_name":"Arkansas Post N MEM","park_rank":9,"name":"Arkansas Post National Memorial"},{"unit_code":"arho","latitude":38.8822,"longitude":-77.0735,"source_type":"park","short_name":"Arlington House","park_rank":10,"name":"Arlington House, The Robert E. Lee Memorial"},{"unit_code":"asis","latitude":38.0559,"longitude":-75.2452,"source_type":"park","short_name":"Assateague Island NS","park_rank":3,"name":"Assateague Island National Seashore"},{"unit_code":"azru","latitude":36.8368,"longitude":-107.9999,"source_type":"park","short_name":"Aztec Ruins NM","park_rank":9,"name":"Aztec Ruins National Monument"},{"unit_code":"bawa","latitude":39.0578,"longitude":-76.8386,"source_type":"park","short_name":"Baltimore-Washington PKWY","park_rank":16,"name":"Baltimore-Washington Parkway"},{"unit_code":"bepa","latitude":38.8923,"longitude":-77.0038,"source_type":"park","short_name":"Belmont-Paul Women's Equality NM","park_rank":11,"name":"Belmont-Paul Women's Equality National Monument"},{"unit_code":"beol","latitude":38.0398,"longitude":-103.4266,"source_type":"park","short_name":"Bent's Old Fort NHS","park_rank":8,"name":"Bent's Old Fort National Historic Site"},{"unit_code":"bela","latitude":65.9228,"longitude":-164.1741,"source_type":"park","short_name":"Bering Land Bridge N PRES","park_rank":1,"name":"Bering Land Bridge National Preserve"},{"unit_code":"bibe","latitude":29.2982,"longitude":-103.2298,"source_type":"park","short_name":"Big Bend NP","park_rank":3,"name":"Big Bend National Park"},{"unit_code":"bicy","latitude":25.9708,"longitude":-81.0812,"source_type":"park","short_name":"Big Cypress N PRES","park_rank":3,"name":"Big Cypress National Preserve"},{"unit_code":"biho","latitude":45.6465,"longitude":-113.65061674596352,"source_type":"park","short_name":"Big Hole NB","park_rank":8,"name":"Big Hole National Battlefield"},{"unit_code":"bica","latitude":45.125615830169615,"longitude":-108.23382095395817,"source_type":"park","short_name":"Bighorn Canyon NRA","park_rank":3,"name":"Bighorn Canyon National Recreation Area"},{"unit_code":"biso","latitude":36.5348,"longitude":-84.6651,"source_type":"park","short_name":"Big South Fork NRRA","park_rank":3,"name":"Big South Fork National River & Recreation Area"},{"unit_code":"bicr","latitude":33.51542097456134,"longitude":-86.81467114832702,"source_type":"park","short_name":"Birmingham Civil Rights NM","park_rank":11,"name":"Birmingham Civil Rights National Monument"},{"unit_code":"bisc","latitude":25.4906,"longitude":-80.2102,"source_type":"park","short_name":"Biscayne NP","park_rank":3,"name":"Biscayne National Park"},{"unit_code":"blca","latitude":38.5778,"longitude":-107.7243,"source_type":"park","short_name":"Black Canyon Of The Gunnison NP","park_rank":3,"name":"Black Canyon Of The Gunnison National Park"},{"unit_code":"blsc","latitude":30.305793932690364,"longitude":-104.02255278692259,"source_type":"park","short_name":"Blackwell School NHS","park_rank":11,"name":"Blackwell School National Historic Site"},{"unit_code":"blri","latitude":36.571111190661284,"longitude":-80.83878311595647,"source_type":"park","short_name":"Blue Ridge PKWY","park_rank":3,"name":"Blue Ridge Parkway"},{"unit_code":"blue","latitude":37.5658,"longitude":-80.9837,"source_type":"park","short_name":"Bluestone NSR","park_rank":5,"name":"Bluestone National Scenic River"},{"unit_code":"bowa","latitude":37.1152,"longitude":-79.7319,"source_type":"park","short_name":"Booker T Washington NM","park_rank":9,"name":"Booker T Washington National Monument"},{"unit_code":"boaf","latitude":42.3591,"longitude":-71.0676,"source_type":"park","short_name":"Boston African American NHS","park_rank":10,"name":"Boston African American National Historic Site"},{"unit_code":"boha","latitude":42.3091,"longitude":-70.9394,"source_type":"park","short_name":"Boston Harbor Islands NRA","park_rank":6,"name":"Boston Harbor Islands National Recreation Area"},{"unit_code":"bost","latitude":42.3726,"longitude":-71.0555,"source_type":"park","short_name":"Boston NHP","park_rank":10,"name":"Boston National Historical Park"},{"unit_code":"brcr","latitude":34.5061,"longitude":-88.7289,"source_type":"park","short_name":"Brices Cross Roads NBS","park_rank":10,"name":"Brices Cross Roads National Battlefield Site"},{"unit_code":"brvb","latitude":39.0379,"longitude":-95.6761,"source_type":"park","short_name":"Brown v. Board of Education NHP","park_rank":10,"name":"Brown v. Board of Education National Historical Park"},{"unit_code":"brca","latitude":37.584,"longitude":-112.1827,"source_type":"park","short_name":"Bryce Canyon NP","park_rank":3,"name":"Bryce Canyon National Park"},{"unit_code":"buis","latitude":17.8103,"longitude":-64.6222,"source_type":"park","short_name":"Buck Island Reef NM","park_rank":5,"name":"Buck Island Reef National Monument"},{"unit_code":"buff","latitude":36.0412,"longitude":-92.9076,"source_type":"park","short_name":"Buffalo NR","park_rank":3,"name":"Buffalo National River"},{"unit_code":"cabr","latitude":32.6723,"longitude":-117.2416,"source_type":"park","short_name":"Cabrillo NM","park_rank":9,"name":"Cabrillo National Monument"},{"unit_code":"cane","latitude":37.79701799127264,"longitude":-84.59816830599993,"source_type":"park","short_name":"Camp Nelson NM","park_rank":11,"name":"Camp Nelson National Monument"},{"unit_code":"cana","latitude":28.7864,"longitude":-80.7542,"source_type":"park","short_name":"Canaveral NS","park_rank":3,"name":"Canaveral National Seashore"},{"unit_code":"cach","latitude":36.1432,"longitude":-109.3388,"source_type":"park","short_name":"Canyon De Chelly NM","park_rank":5,"name":"Canyon De Chelly National Monument"},{"unit_code":"cany","latitude":38.2456,"longitude":-109.8802,"source_type":"park","short_name":"Canyonlands NP","park_rank":3,"name":"Canyonlands National Park"},{"unit_code":"caco","latitude":41.9238,"longitude":-70.0432,"source_type":"park","short_name":"Cape Cod NS","park_rank":3,"name":"Cape Cod National Seashore"},{"unit_code":"caha","latitude":35.23986773465266,"longitude":-75.53413661487794,"source_type":"park","short_name":"Cape Hatteras NS","park_rank":3,"name":"Cape Hatteras National Seashore"},{"unit_code":"came","latitude":36.927809395583196,"longitude":-76.00882189706401,"source_type":"park","short_name":"Colonial NHP","park_rank":16,"name":"Cape Henry Memorial, Colonial NHP"},{"unit_code":"cakr","latitude":67.3989,"longitude":-163.5393,"source_type":"park","short_name":"Cape Krusenstern NM","park_rank":1,"name":"Cape Krusenstern National Monument"},{"unit_code":"calo","latitude":34.8268,"longitude":-76.3432,"source_type":"park","short_name":"Cape Lookout NS","park_rank":3,"name":"Cape Lookout National Seashore"},{"unit_code":"cahi","latitude":38.88603243249828,"longitude":-76.99029912989371,"source_type":"park","short_name":"Capitol Hill Parks","park_rank":17,"name":"Capitol Hill Parks"},{"unit_code":"care","latitude":38.1797,"longitude":-111.1774,"source_type":"park","short_name":"Capitol Reef NP","park_rank":8,"name":"Capitol Reef National Park"},{"unit_code":"cajo","latitude":39.8273182134057,"longitude":-76.33382840075845,"source_type":"park","short_name":"Captain John Smith Chesapeake NHT","park_rank":null,"name":"Captain John Smith National Historic Trail"},{"unit_code":"cavo","latitude":36.7817,"longitude":-103.971,"source_type":"park","short_name":"Capulin Volcano NM","park_rank":8,"name":"Capulin Volcano National Monument"},{"unit_code":"cibs","latitude":40.20852540463532,"longitude":-77.17791479690771,"source_type":"park","short_name":"Carlisle Federal Indian Boarding School NM","park_rank":15,"name":"Carlisle Federal Indian Boarding School National Monument"},{"unit_code":"carl","latitude":35.2682,"longitude":-82.4511,"source_type":"park","short_name":"Carl Sandburg Home NHS","park_rank":9,"name":"Carl Sandburg Home National Historic Site"},{"unit_code":"cave","latitude":32.1409,"longitude":-104.553,"source_type":"park","short_name":"Carlsbad Caverns NP","park_rank":5,"name":"Carlsbad Caverns National Park"},{"unit_code":"cawo","latitude":38.9109,"longitude":-77.0243,"source_type":"park","short_name":"Carter G. Woodson Home NHS","park_rank":11,"name":"Carter G. Woodson Home National Historic Site"},{"unit_code":"cagr","latitude":32.9969,"longitude":-111.5327,"source_type":"park","short_name":"Casa Grande Ruins NM","park_rank":9,"name":"Casa Grande Ruins National Monument"},{"unit_code":"casa","latitude":29.8979,"longitude":-81.3122,"source_type":"park","short_name":"Castillo De San Marcos NM","park_rank":10,"name":"Castillo De San Marcos National Monument"},{"unit_code":"cacl","latitude":40.7035,"longitude":-74.0168,"source_type":"park","short_name":"Castle Clinton NM","park_rank":11,"name":"Castle Clinton National Monument"},{"unit_code":"camo","latitude":35.310721226940515,"longitude":-115.08463325349757,"source_type":"park","short_name":"Castle Mountains NM","park_rank":5,"name":"Castle Mountains National Monument"},{"unit_code":"cato","latitude":39.6508,"longitude":-77.4643,"source_type":"park","short_name":"Catoctin Mountain Park","park_rank":6,"name":"Catoctin Mountain Park"},{"unit_code":"cebr","latitude":37.6355,"longitude":-112.8453,"source_type":"park","short_name":"Cedar Breaks NM","park_rank":6,"name":"Cedar Breaks National Monument"},{"unit_code":"cebe","latitude":39.0094,"longitude":-78.3062,"source_type":"park","short_name":"Cedar Creek & Belle Grove NHP","park_rank":6,"name":"Cedar Creek & Belle Grove National Historical Park"},{"unit_code":"cech","latitude":35.2266,"longitude":-118.5626,"source_type":"park","short_name":"César E. Chávez NM","park_rank":9,"name":"César E. Chávez National Monument"},{"unit_code":"chcu","latitude":36.0396,"longitude":-107.956,"source_type":"park","short_name":"Chaco Culture NHP","park_rank":5,"name":"Chaco Culture National Historical Park"},{"unit_code":"cham","latitude":31.7673,"longitude":-106.4544,"source_type":"park","short_name":"Chamizal N MEM","park_rank":10,"name":"Chamizal National Memorial"},{"unit_code":"chpi","latitude":32.8458,"longitude":-79.8249,"source_type":"park","short_name":"Charles Pinckney NHS","park_rank":10,"name":"Charles Pinckney National Historic Site"},{"unit_code":"chyo","latitude":39.7089,"longitude":-83.8953,"source_type":"park","short_name":"Charles Young Buffalo Soldiers NM","park_rank":9,"name":"Charles Young Buffalo Soldiers National Monument"},{"unit_code":"chat","latitude":33.997,"longitude":-84.2895,"source_type":"park","short_name":"Chattahoochee River NRA","park_rank":3,"name":"Chattahoochee River National Recreation Area"},{"unit_code":"choh","latitude":39.378484416344364,"longitude":-77.20171262963855,"source_type":"park","short_name":"C&O Canal NHP","park_rank":3,"name":"Chesapeake & Ohio Canal National Historical Park"},{"unit_code":"chch","latitude":34.9432,"longitude":-85.2875,"source_type":"park","short_name":"Chickamauga & Chattanooga NMP","park_rank":6,"name":"Chickamauga & Chattanooga National Military Park"},{"unit_code":"chic","latitude":34.4605,"longitude":-97.0072,"source_type":"park","short_name":"Chickasaw NRA","park_rank":8,"name":"Chickasaw National Recreation Area"},{"unit_code":"chir","latitude":32.0122,"longitude":-109.3415,"source_type":"park","short_name":"Chiricahua NM","park_rank":6,"name":"Chiricahua National Monument"},{"unit_code":"chri","latitude":17.7468,"longitude":-64.7022,"source_type":"park","short_name":"Christiansted NHS","park_rank":11,"name":"Christiansted National Historic Site"},{"unit_code":"ciro","latitude":42.0699,"longitude":-113.7124,"source_type":"park","short_name":"City of Rocks N RES","park_rank":9,"name":"City of Rocks National Reserve"},{"unit_code":"clba","latitude":38.9675,"longitude":-77.1407,"source_type":"park","short_name":"Clara Barton NHS","park_rank":10,"name":"Clara Barton National Historic Site"},{"unit_code":"colo","latitude":37.2832,"longitude":-76.6383,"source_type":"park","short_name":"Colonial NHP","park_rank":5,"name":"Colonial National Historical Park"},{"unit_code":"colm","latitude":39.0504,"longitude":-108.6921,"source_type":"park","short_name":"Colorado NM","park_rank":5,"name":"Colorado National Monument"},{"unit_code":"colt","latitude":41.75589035162616,"longitude":-72.6644729935885,"source_type":"park","short_name":"Coltsville NHP","park_rank":15,"name":"Coltsville National Historical Park"},{"unit_code":"cong","latitude":33.7919,"longitude":-80.7487,"source_type":"park","short_name":"Congaree NP","park_rank":5,"name":"Congaree National Park"},{"unit_code":"coga","latitude":38.8909,"longitude":-77.0432,"source_type":"park","short_name":"Constitution Gardens","park_rank":10,"name":"Constitution Gardens"},{"unit_code":"coro","latitude":31.3492,"longitude":-110.2565,"source_type":"park","short_name":"Coronado N MEM","park_rank":9,"name":"Coronado National Memorial"},{"unit_code":"cowp","latitude":35.1315,"longitude":-81.8093,"source_type":"park","short_name":"Cowpens NB","park_rank":8,"name":"Cowpens National Battlefield"},{"unit_code":"crla","latitude":42.9407,"longitude":-122.1338,"source_type":"park","short_name":"Crater Lake NP","park_rank":3,"name":"Crater Lake National Park"},{"unit_code":"crmp","latitude":43.15185706577835,"longitude":-113.48275357513818,"source_type":"park","short_name":"Craters of the Moon NP","park_rank":null,"name":"Craters of the Moon National Preserve"},{"unit_code":"crmo","latitude":43.41110797065712,"longitude":-113.45575364147946,"source_type":"park","short_name":"Craters of the Moon N PRES","park_rank":3,"name":"Craters of the Moon National Preserve"},{"unit_code":"cuga","latitude":36.625,"longitude":-83.6114,"source_type":"park","short_name":"Cumberland Gap NHP","park_rank":5,"name":"Cumberland Gap National Historical Park"},{"unit_code":"cuis","latitude":30.8586,"longitude":-81.4525,"source_type":"park","short_name":"Cumberland Island NS","park_rank":5,"name":"Cumberland Island National Seashore"},{"unit_code":"cure","latitude":38.4676,"longitude":-107.3231,"source_type":"park","short_name":"Curecanti NRA","park_rank":5,"name":"Curecanti National Recreation Area"},{"unit_code":"cuva","latitude":41.2587,"longitude":-81.571,"source_type":"park","short_name":"Cuyahoga Valley NP","park_rank":5,"name":"Cuyahoga Valley National Park"},{"unit_code":"dabe","latitude":41.47419198731667,"longitude":-81.49180484892788,"source_type":"park","short_name":"Cuyahoga Valley NP","park_rank":16,"name":"David Berger N MEM, Cuyahoga Valley NP"},{"unit_code":"deva","latitude":36.4874,"longitude":-117.1351,"source_type":"park","short_name":"Death Valley NP","park_rank":1,"name":"Death Valley National Park"},{"unit_code":"dela","latitude":41.141609637978036,"longitude":-74.94786594899752,"source_type":"park","short_name":"Delaware NSR","park_rank":null,"name":"Delaware National Scenic River"},{"unit_code":"dena","latitude":63.53228479868616,"longitude":-150.73143104446015,"source_type":"park","short_name":"Denali N PRES","park_rank":1,"name":"Denali National Preserve"},{"unit_code":"deso","latitude":27.5228,"longitude":-82.6434,"source_type":"park","short_name":"De Soto N MEM","park_rank":8,"name":"De Soto National Memorial"},{"unit_code":"depo","latitude":37.6153,"longitude":-119.0874,"source_type":"park","short_name":"Devils Postpile NM","park_rank":8,"name":"Devils Postpile National Monument"},{"unit_code":"deto","latitude":44.5906,"longitude":-104.7156,"source_type":"park","short_name":"Devils Tower NM","park_rank":8,"name":"Devils Tower National Monument"},{"unit_code":"dino","latitude":40.5071,"longitude":-108.9337,"source_type":"park","short_name":"Dinosaur NM","park_rank":3,"name":"Dinosaur National Monument"},{"unit_code":"drto","latitude":24.628639273048034,"longitude":-82.87313080859835,"source_type":"park","short_name":"Dry Tortugas NP","park_rank":5,"name":"Dry Tortugas National Park"},{"unit_code":"ddem","latitude":38.88694766474935,"longitude":-77.0187375540026,"source_type":"park","short_name":"Dwight D. Eisenhower MEM","park_rank":10,"name":"Dwight D. Eisenhower Memorial"},{"unit_code":"ebla","latitude":48.2135,"longitude":-122.689,"source_type":"park","short_name":"Ebey's Landing NH RES","park_rank":5,"name":"Ebey's Landing National Historical Reserve"},{"unit_code":"edal","latitude":39.962,"longitude":-75.15,"source_type":"park","short_name":"Edgar Allan Poe NHS","park_rank":11,"name":"Edgar Allan Poe National Historic Site"},{"unit_code":"efmo","latitude":43.081,"longitude":-91.1969,"source_type":"park","short_name":"Effigy Mounds NM","park_rank":6,"name":"Effigy Mounds National Monument"},{"unit_code":"eise","latitude":39.7958,"longitude":-77.2651,"source_type":"park","short_name":"Eisenhower NHS","park_rank":8,"name":"Eisenhower National Historic Site"},{"unit_code":"elro","latitude":41.7621,"longitude":-73.8992,"source_type":"park","short_name":"Eleanor Roosevelt NHS","park_rank":8,"name":"Eleanor Roosevelt National Historic Site"},{"unit_code":"elis","latitude":40.6995,"longitude":-74.0401,"source_type":"park","short_name":"Statue of Liberty NM","park_rank":16,"name":"Ellis Island, Statue of Liberty NM"},{"unit_code":"elma","latitude":34.8842,"longitude":-107.9951,"source_type":"park","short_name":"El Malpais NM","park_rank":5,"name":"El Malpais National Monument"},{"unit_code":"elmo","latitude":35.039,"longitude":-108.3464,"source_type":"park","short_name":"El Morro NM","park_rank":8,"name":"El Morro National Monument"},{"unit_code":"till","latitude":41.8212,"longitude":-87.6263,"source_type":"park","short_name":"Tallahatchie County Courthouse","park_rank":15,"name":"Emmett Till and Mamie Till-Mobley National Monument"},{"unit_code":"euon","latitude":37.826,"longitude":-122.0272,"source_type":"park","short_name":"Eugene O'Neill NHS","park_rank":10,"name":"Eugene O'Neill National Historic Site"},{"unit_code":"ever","latitude":25.45418434494916,"longitude":-80.70201268950306,"source_type":"park","short_name":"Everglades NP","park_rank":1,"name":"Everglades National Park"},{"unit_code":"fati","latitude":41.54987609402473,"longitude":-83.69876426388403,"source_type":"park","short_name":"Affiliated Unit","park_rank":19,"name":"Fallen Timbers Battlefield and Fort Miamis National Historic Site"},{"unit_code":"fama","latitude":45.852503,"longitude":-84.726709,"source_type":"park","short_name":"Affiliated Unit","park_rank":19,"name":"Father Marquette National Memorial"},{"unit_code":"feha","latitude":40.707321375651134,"longitude":-74.01027530022982,"source_type":"park","short_name":"Federal Hall N MEM","park_rank":11,"name":"Federal Hall National Memorial"},{"unit_code":"fiis","latitude":40.6967,"longitude":-73.0001,"source_type":"park","short_name":"Fire Island NS","park_rank":3,"name":"Fire Island National Seashore"},{"unit_code":"fila","latitude":40.7966,"longitude":-81.3759,"source_type":"park","short_name":"First Ladies NHS","park_rank":11,"name":"First Ladies National Historic Site"},{"unit_code":"flni","latitude":40.0606,"longitude":-78.8946,"source_type":"park","short_name":"Flight 93 N MEM","park_rank":6,"name":"Flight 93 National Memorial"},{"unit_code":"flfo","latitude":38.9126,"longitude":-105.2803,"source_type":"park","short_name":"Florissant Fossil Beds NM","park_rank":6,"name":"Florissant Fossil Beds National Monument"},{"unit_code":"fobo","latitude":32.1493,"longitude":-109.4511,"source_type":"park","short_name":"Fort Bowie NHS","park_rank":8,"name":"Fort Bowie National Historic Site"},{"unit_code":"foca","latitude":30.38461346915128,"longitude":-81.49938961906689,"source_type":"park","short_name":"Fort Caroline N MEM","park_rank":9,"name":"Fort Caroline National Memorial"},{"unit_code":"foda","latitude":30.5998,"longitude":-103.8949,"source_type":"park","short_name":"Fort Davis NHS","park_rank":8,"name":"Fort Davis National Historic Site"},{"unit_code":"fodu","latitude":38.8773,"longitude":-76.9496,"source_type":"park","short_name":"Fort Dupont Park","park_rank":17,"name":"Fort Dupont Park"},{"unit_code":"fofo","latitude":38.769,"longitude":-77.0281,"source_type":"park","short_name":"Fort Foote Park","park_rank":17,"name":"Fort Foote Park"},{"unit_code":"fofr","latitude":31.2215,"longitude":-81.3945,"source_type":"park","short_name":"Fort Frederica NM","park_rank":9,"name":"Fort Frederica National Monument"},{"unit_code":"fodo","latitude":36.50486228217211,"longitude":-87.85725749206543,"source_type":"park","short_name":"Fort Donelson NB","park_rank":9,"name":"Fort Heiman, Fort Donelson NB"},{"unit_code":"fola","latitude":42.2033,"longitude":-104.5465,"source_type":"park","short_name":"Fort Laramie NHS","park_rank":8,"name":"Fort Laramie National Historic Site"},{"unit_code":"foma","latitude":29.7121,"longitude":-81.2357,"source_type":"park","short_name":"Fort Matanzas NM","park_rank":9,"name":"Fort Matanzas National Monument"},{"unit_code":"fomc","latitude":39.2619,"longitude":-76.5804,"source_type":"park","short_name":"Fort McHenry NM","park_rank":10,"name":"Fort McHenry National Monument and Historic Shrine"},{"unit_code":"fomr","latitude":37.0036,"longitude":-76.3075,"source_type":"park","short_name":"Fort Monroe NM","park_rank":6,"name":"Fort Monroe National Monument"},{"unit_code":"fone","latitude":39.8132,"longitude":-79.5904,"source_type":"park","short_name":"Fort Necessity NB","park_rank":8,"name":"Fort Necessity National Battlefield"},{"unit_code":"fopo","latitude":37.81047588387848,"longitude":-122.4767866458533,"source_type":"park","short_name":"Fort Point NHS","park_rank":9,"name":"Fort Point National Historic Site"},{"unit_code":"fopu","latitude":32.0309,"longitude":-80.934,"source_type":"park","short_name":"Fort Pulaski NM","park_rank":6,"name":"Fort Pulaski National Monument"},{"unit_code":"fora","latitude":35.9369,"longitude":-75.7121,"source_type":"park","short_name":"Fort Raleigh NHS","park_rank":8,"name":"Fort Raleigh National Historic Site"},{"unit_code":"fosc","latitude":37.8436,"longitude":-94.7043,"source_type":"park","short_name":"Fort Scott NHS","park_rank":10,"name":"Fort Scott National Historic Site"},{"unit_code":"fosm","latitude":35.3883,"longitude":-94.4313,"source_type":"park","short_name":"Fort Smith NHS","park_rank":10,"name":"Fort Smith National Historic Site"},{"unit_code":"fost","latitude":43.2105,"longitude":-75.4556,"source_type":"park","short_name":"Fort Stanwix NM","park_rank":10,"name":"Fort Stanwix National Monument"},{"unit_code":"fosu","latitude":32.754851571939604,"longitude":-79.86600752569235,"source_type":"park","short_name":"Fort Sumter and Fort Moultrie NHP","park_rank":8,"name":"Fort Sumter and Fort Moultrie National Historical Park"},{"unit_code":"foun","latitude":35.907,"longitude":-105.0145,"source_type":"park","short_name":"Fort Union NM","park_rank":8,"name":"Fort Union National Monument"},{"unit_code":"fous","latitude":48.0006,"longitude":-104.0373,"source_type":"park","short_name":"Fort Union Trading Post NHS","park_rank":8,"name":"Fort Union Trading Post National Historic Site"},{"unit_code":"fova","latitude":45.6223,"longitude":-122.6617,"source_type":"park","short_name":"Fort Vancouver NHS","park_rank":9,"name":"Fort Vancouver National Historic Site"},{"unit_code":"fowa","latitude":38.7117,"longitude":-77.0302,"source_type":"park","short_name":"Fort Washington Park","park_rank":10,"name":"Fort Washington Park"},{"unit_code":"fobu","latitude":41.8564,"longitude":-110.7625,"source_type":"park","short_name":"Fossil Butte NM","park_rank":5,"name":"Fossil Butte National Monument"},{"unit_code":"frpe","latitude":44.0052,"longitude":-69.5568,"source_type":"park","short_name":"Frances Perkins NM","park_rank":9,"name":"Frances Perkins National Monument"},{"unit_code":"frde","latitude":38.8834,"longitude":-77.043,"source_type":"park","short_name":"Franklin Delano Roosevelt MEM","park_rank":10,"name":"Franklin Delano Roosevelt Memorial"},{"unit_code":"frdo","latitude":38.8628,"longitude":-76.9852,"source_type":"park","short_name":"Frederick Douglass NHS","park_rank":10,"name":"Frederick Douglass National Historic Site"},{"unit_code":"frla","latitude":42.3242,"longitude":-71.132,"source_type":"park","short_name":"Frederick Law Olmsted NHS","park_rank":10,"name":"Frederick Law Olmsted National Historic Site"},{"unit_code":"frri","latitude":33.658078561776335,"longitude":-85.8310794746214,"source_type":"park","short_name":"Freedom Riders NM","park_rank":10,"name":"Freedom Riders National Monument"},{"unit_code":"frhi","latitude":39.7754,"longitude":-79.925,"source_type":"park","short_name":"Friendship Hill NHS","park_rank":8,"name":"Friendship Hill National Historic Site"},{"unit_code":"gaar","latitude":68.26831985779012,"longitude":-150.19323941877352,"source_type":"park","short_name":"Gates of the Arctic N PRES","park_rank":1,"name":"Gates of the Arctic National Preserve"},{"unit_code":"jeff","latitude":38.6225,"longitude":-90.186,"source_type":"park","short_name":"Gateway Arch NP","park_rank":8,"name":"Gateway Arch National Park"},{"unit_code":"gari","latitude":38.2061,"longitude":-81.0042,"source_type":"park","short_name":"Gauley River NRA","park_rank":5,"name":"Gauley River National Recreation Area"},{"unit_code":"gegr","latitude":40.8136,"longitude":-73.9629,"source_type":"park","short_name":"General Grant N MEM","park_rank":11,"name":"General Grant National Memorial"},{"unit_code":"gemm","latitude":38.87960988442848,"longitude":-77.03921845768046,"source_type":"park","short_name":"George Mason MEM","park_rank":17,"name":"George Mason Memorial"},{"unit_code":"gero","latitude":38.6784,"longitude":-87.5368,"source_type":"park","short_name":"George Rogers Clark NHP","park_rank":8,"name":"George Rogers Clark National Historical Park"},{"unit_code":"gewa","latitude":38.1936,"longitude":-76.9208,"source_type":"park","short_name":"George Washington Birthplace NM","park_rank":8,"name":"George Washington Birthplace National Monument"},{"unit_code":"gwca","latitude":36.9871,"longitude":-94.3552,"source_type":"park","short_name":"George Washington Carver NM","park_rank":9,"name":"George Washington Carver National Monument"},{"unit_code":"gett","latitude":39.8156,"longitude":-77.2325,"source_type":"park","short_name":"Gettysburg NMP","park_rank":6,"name":"Gettysburg National Military Park"},{"unit_code":"gicl","latitude":33.2272,"longitude":-108.2707,"source_type":"park","short_name":"Gila Cliff Dwellings NM","park_rank":9,"name":"Gila Cliff Dwellings National Monument"},{"unit_code":"glba","latitude":59.131172052147996,"longitude":-136.74614226398253,"source_type":"park","short_name":"Glacier Bay N PRES","park_rank":1,"name":"Glacier Bay National Preserve"},{"unit_code":"glac","latitude":48.6843,"longitude":-113.8008,"source_type":"park","short_name":"Glacier NP","park_rank":1,"name":"Glacier National Park"},{"unit_code":"glca","latitude":37.5182,"longitude":-110.7734,"source_type":"park","short_name":"Glen Canyon NRA","park_rank":1,"name":"Glen Canyon National Recreation Area"},{"unit_code":"glec","latitude":38.9659,"longitude":-77.1388,"source_type":"park","short_name":"Glen Echo Park","park_rank":17,"name":"Glen Echo Park"},{"unit_code":"glde","latitude":39.9344,"longitude":-75.1436,"source_type":"park","short_name":"Affiliated Unit","park_rank":19,"name":"Gloria Dei Church National Historic Site"},{"unit_code":"goga","latitude":37.7962,"longitude":-122.5399,"source_type":"park","short_name":"Golden Gate NRA","park_rank":3,"name":"Golden Gate National Recreation Area"},{"unit_code":"gosp","latitude":41.63117001854822,"longitude":-112.49435733089778,"source_type":"park","short_name":"Golden Spike NHP","park_rank":5,"name":"Golden Spike National Historical Park"},{"unit_code":"gois","latitude":40.6916,"longitude":-74.0168,"source_type":"park","short_name":"Governors Island NM","park_rank":10,"name":"Governors Island National Monument"},{"unit_code":"grca","latitude":36.3548,"longitude":-112.6902,"source_type":"park","short_name":"Grand Canyon NP","park_rank":1,"name":"Grand Canyon National Park"},{"unit_code":"para","latitude":36.2802,"longitude":-113.5332,"source_type":"park","short_name":"Grand Canyon-Parashant NM","park_rank":14,"name":"Grand Canyon-Parashant National Monument"},{"unit_code":"grpo","latitude":47.9929,"longitude":-89.7557,"source_type":"park","short_name":"Grand Portage NM","park_rank":6,"name":"Grand Portage National Monument"},{"unit_code":"grte","latitude":43.8185,"longitude":-110.7055,"source_type":"park","short_name":"Grand Teton NP","park_rank":3,"name":"Grand Teton National Park"},{"unit_code":"grko","latitude":46.4136,"longitude":-112.7467,"source_type":"park","short_name":"Grant-Kohrs Ranch NHS","park_rank":6,"name":"Grant-Kohrs Ranch National Historic Site"},{"unit_code":"grba","latitude":38.9462,"longitude":-114.258,"source_type":"park","short_name":"Great Basin NP","park_rank":3,"name":"Great Basin National Park"},{"unit_code":"greg","latitude":39.3042,"longitude":-74.6497,"source_type":"park","short_name":"Great Egg Harbor SRR","park_rank":15,"name":"Great Egg Harbor Scenic and Recreational River"},{"unit_code":"grfa","latitude":38.9878,"longitude":-77.2513,"source_type":"park","short_name":"Great Falls Park","park_rank":17,"name":"Great Falls Park"},{"unit_code":"grsa","latitude":37.85178182420446,"longitude":-105.50135117398558,"source_type":"park","short_name":"Great Sand Dunes N PRES","park_rank":3,"name":"Great Sand Dunes National Preserve"},{"unit_code":"grsm","latitude":35.6007,"longitude":-83.5084,"source_type":"park","short_name":"Great Smoky Mountains NP","park_rank":1,"name":"Great Smoky Mountains National Park"},{"unit_code":"gree","latitude":38.984,"longitude":-76.9017,"source_type":"park","short_name":"Greenbelt Park","park_rank":8,"name":"Greenbelt Park"},{"unit_code":"grsp","latitude":38.037099,"longitude":-78.189823,"source_type":"park","short_name":"Affiliated Unit","park_rank":19,"name":"Green Springs National Historic Landmark District"},{"unit_code":"gumo","latitude":31.923,"longitude":-104.8855,"source_type":"park","short_name":"Guadalupe Mountains NP","park_rank":3,"name":"Guadalupe Mountains National Park"},{"unit_code":"guco","latitude":36.133,"longitude":-79.8416,"source_type":"park","short_name":"Guilford Courthouse NMP","park_rank":8,"name":"Guilford Courthouse National Military Park"},{"unit_code":"guis","latitude":30.3211,"longitude":-87.2304,"source_type":"park","short_name":"Gulf Islands NS","park_rank":5,"name":"Gulf Islands National Seashore"},{"unit_code":"hafo","latitude":42.7907,"longitude":-114.9443,"source_type":"park","short_name":"Hagerman Fossil Beds NM","park_rank":6,"name":"Hagerman Fossil Beds National Monument"},{"unit_code":"hale","latitude":20.7094,"longitude":-156.1529,"source_type":"park","short_name":"Haleakala NP","park_rank":5,"name":"Haleakala National Park"},{"unit_code":"hagr","latitude":40.8213,"longitude":-73.9473,"source_type":"park","short_name":"Hamilton Grange N MEM","park_rank":11,"name":"Hamilton Grange National Memorial"},{"unit_code":"hamp","latitude":39.4155,"longitude":-76.5878,"source_type":"park","short_name":"Hampton NHS","park_rank":9,"name":"Hampton National Historic Site"},{"unit_code":"haha","latitude":38.7465,"longitude":-77.0038,"source_type":"park","short_name":"Harmony Hall","park_rank":17,"name":"Harmony Hall"},{"unit_code":"hart","latitude":42.912723986591594,"longitude":-76.56326189376134,"source_type":"park","short_name":"Harriet Tubman NHP","park_rank":15,"name":"Harriet Tubman National Historical Park"},{"unit_code":"hatu","latitude":38.45319940961021,"longitude":-76.14474019846791,"source_type":"park","short_name":"Harriet Tubman Underground Railroad NHP","park_rank":5,"name":"Harriet Tubman Underground Railroad National Historical Park"},{"unit_code":"havo","latitude":19.33502781705651,"longitude":-155.23430726136536,"source_type":"park","short_name":"Hawaii Volcanoes NP","park_rank":12,"name":"Hawaii Volcanoes National Park"},{"unit_code":"heho","latitude":41.6679,"longitude":-91.3523,"source_type":"park","short_name":"Herbert Hoover NHS","park_rank":8,"name":"Herbert Hoover National Historic Site"},{"unit_code":"jame","latitude":37.2065,"longitude":-76.7538,"source_type":"park","short_name":"Colonial NHP","park_rank":16,"name":"Historic Jamestowne, Colonial NHP"},{"unit_code":"pima","latitude":33.1871,"longitude":-111.9193,"source_type":"park","short_name":"Hohokam Pima NM","park_rank":null,"name":"Hohokam Pima National Monument"},{"unit_code":"hofr","latitude":41.768005886490265,"longitude":-73.93569914438507,"source_type":"park","short_name":"Home Of Franklin D Roosevelt NHS","park_rank":8,"name":"Home Of Franklin D Roosevelt National Historic Site"},{"unit_code":"home","latitude":40.288,"longitude":-96.8339,"source_type":"park","short_name":"Homestead NHP","park_rank":8,"name":"Homestead National Historical Park"},{"unit_code":"hono","latitude":21.3872,"longitude":-158.0567,"source_type":"park","short_name":"Honouliuli NHS","park_rank":8,"name":"Honouliuli National Historic Site"},{"unit_code":"hofu","latitude":40.2061,"longitude":-75.7677,"source_type":"park","short_name":"Hopewell Furnace NHS","park_rank":8,"name":"Hopewell Furnace National Historic Site"},{"unit_code":"hobe","latitude":32.9767,"longitude":-85.7341,"source_type":"park","short_name":"Horseshoe Bend NMP","park_rank":8,"name":"Horseshoe Bend National Military Park"},{"unit_code":"hosp","latitude":34.519449563300746,"longitude":-93.04970428320502,"source_type":"park","short_name":"Hot Springs NP","park_rank":6,"name":"Hot Springs National Park"},{"unit_code":"hove","latitude":37.38526436107303,"longitude":-109.07266156248798,"source_type":"park","short_name":"Hovenweep NM","park_rank":8,"name":"Hovenweep National Monument"},{"unit_code":"hutr","latitude":35.7073,"longitude":-109.56,"source_type":"park","short_name":"Hubbell Trading Post NHS","park_rank":9,"name":"Hubbell Trading Post National Historic Site"},{"unit_code":"iatr","latitude":43.98956977941962,"longitude":-89.56120217058579,"source_type":"park","short_name":"Ice Age NST","park_rank":9,"name":"Ice Age National Scenic Trail"},{"unit_code":"inde","latitude":39.9475,"longitude":-75.1479,"source_type":"park","short_name":"Independence NHP","park_rank":9,"name":"Independence National Historical Park"},{"unit_code":"indu","latitude":41.6374,"longitude":-87.0964,"source_type":"park","short_name":"Indiana Dunes NP","park_rank":5,"name":"Indiana Dunes National Park"},{"unit_code":"inup","latitude":71.29832445239303,"longitude":-156.75358633056865,"source_type":"park","short_name":"Iñupiat Heritage Center","park_rank":18,"name":"Iñupiat Heritage Center"},{"unit_code":"isro","latitude":48.0115,"longitude":-88.8278,"source_type":"park","short_name":"Isle Royale NP","park_rank":3,"name":"Isle Royale National Park"},{"unit_code":"jaga","latitude":41.6649,"longitude":-81.3509,"source_type":"park","short_name":"James A Garfield NHS","park_rank":10,"name":"James A Garfield National Historic Site"},{"unit_code":"jeca","latitude":43.731,"longitude":-103.83,"source_type":"park","short_name":"Jewel Cave NM","park_rank":8,"name":"Jewel Cave National Monument"},{"unit_code":"jica","latitude":32.03611432623551,"longitude":-84.39239964864673,"source_type":"park","short_name":"Jimmy Carter NHP","park_rank":8,"name":"Jimmy Carter National Historical Park"},{"unit_code":"jodr","latitude":44.0887,"longitude":-110.728,"source_type":"park","short_name":"John D. Rockefeller, Jr. MEM PKWY","park_rank":3,"name":"John D. Rockefeller, Jr. Memorial Parkway"},{"unit_code":"joer","latitude":38.886724441224835,"longitude":-77.0501714834721,"source_type":"park","short_name":"John Ericsson MEM","park_rank":17,"name":"John Ericsson Memorial"},{"unit_code":"jofi","latitude":42.3469,"longitude":-71.1232,"source_type":"park","short_name":"John Fitzgerald Kennedy NHS","park_rank":11,"name":"John Fitzgerald Kennedy National Historic Site"},{"unit_code":"jomu","latitude":37.9828,"longitude":-122.1326,"source_type":"park","short_name":"John Muir NHS","park_rank":9,"name":"John Muir National Historic Site"},{"unit_code":"jofl","latitude":40.3458,"longitude":-78.7745,"source_type":"park","short_name":"Johnstown Flood N MEM","park_rank":9,"name":"Johnstown Flood National Memorial"},{"unit_code":"jotr","latitude":33.9142,"longitude":-115.8398,"source_type":"park","short_name":"Joshua Tree NP","park_rank":1,"name":"Joshua Tree National Park"},{"unit_code":"kala","latitude":21.1731,"longitude":-156.9512,"source_type":"park","short_name":"Kalaupapa NHP","park_rank":6,"name":"Kalaupapa National Historical Park"},{"unit_code":"kaho","latitude":19.6808,"longitude":-156.0307,"source_type":"park","short_name":"Kaloko-Honokohau NHP","park_rank":8,"name":"Kaloko-Honokohau National Historical Park"},{"unit_code":"kaww","latitude":45.9476,"longitude":-68.7367,"source_type":"park","short_name":"Katahdin Woods and Waters NM","park_rank":3,"name":"Katahdin Woods and Waters National Monument"},{"unit_code":"katm","latitude":59.114942654126295,"longitude":-154.99580376012335,"source_type":"park","short_name":"Katmai N PRES","park_rank":1,"name":"Katmai National Preserve"},{"unit_code":"kefj","latitude":59.8359,"longitude":-150.2022,"source_type":"park","short_name":"Kenai Fjords NP","park_rank":1,"name":"Kenai Fjords National Park"},{"unit_code":"keaq","latitude":38.9128,"longitude":-76.9434,"source_type":"park","short_name":"Kenilworth Park & Aquatic Gardens","park_rank":17,"name":"Kenilworth Park & Aquatic Gardens"},{"unit_code":"kemo","latitude":33.9538,"longitude":-84.5921,"source_type":"park","short_name":"Kennesaw Mountain NBP","park_rank":6,"name":"Kennesaw Mountain National Battlefield Park"},{"unit_code":"abli","latitude":37.61159867996199,"longitude":-85.64367634882247,"source_type":"park","short_name":"Abraham Lincoln Birthplace NHP","park_rank":9,"name":"Kentucky Boyhood Home at Knob Creek Unit, Abraham Lincoln Birthplace NHP"},{"unit_code":"kica","latitude":36.8922,"longitude":-118.5982,"source_type":"park","short_name":"Kings Canyon NP","park_rank":2,"name":"Kings Canyon National Park"},{"unit_code":"kimo","latitude":35.1389,"longitude":-81.3899,"source_type":"park","short_name":"Kings Mountain NMP","park_rank":6,"name":"Kings Mountain National Military Park"},{"unit_code":"klgo","latitude":59.6104,"longitude":-135.2619,"source_type":"park","short_name":"Klondike Gold Rush NHP","park_rank":3,"name":"Klondike Gold Rush National Historical Park"},{"unit_code":"klse","latitude":47.5994,"longitude":-122.332,"source_type":"park","short_name":"","park_rank":14,"name":"Klondike Gold Rush National Historical Park - Seattle Unit"},{"unit_code":"knri","latitude":47.354,"longitude":-101.3861,"source_type":"park","short_name":"Knife River Indian Villages NHS","park_rank":6,"name":"Knife River Indian Villages National Historic Site"},{"unit_code":"kova","latitude":67.3962,"longitude":-159.0626,"source_type":"park","short_name":"Kobuk Valley NP","park_rank":1,"name":"Kobuk Valley National Park"},{"unit_code":"kowa","latitude":38.8878,"longitude":-77.0477,"source_type":"park","short_name":"Korean War Veterans MEM","park_rank":11,"name":"Korean War Veterans Memorial"},{"unit_code":"lach","latitude":48.3538,"longitude":-120.6845,"source_type":"park","short_name":"Lake Chelan NRA","park_rank":5,"name":"Lake Chelan National Recreation Area"},{"unit_code":"lacl","latitude":60.928739210618104,"longitude":-153.25242039859683,"source_type":"park","short_name":"Lake Clark N PRES","park_rank":1,"name":"Lake Clark National Preserve"},{"unit_code":"lake","latitude":35.9553,"longitude":-114.218,"source_type":"park","short_name":"Lake Mead NRA","park_rank":1,"name":"Lake Mead National Recreation Area"},{"unit_code":"lamr","latitude":35.65919958304692,"longitude":-101.66655047607424,"source_type":"park","short_name":"Lake Meredith NRA","park_rank":3,"name":"Lake Meredith National Recreation Area"},{"unit_code":"laro","latitude":48.1715,"longitude":-118.3514,"source_type":"park","short_name":"Lake Roosevelt NRA","park_rank":9,"name":"Lake Roosevelt National Recreation Area"},{"unit_code":"lavo","latitude":40.4937,"longitude":-121.4073,"source_type":"park","short_name":"Lassen Volcanic NP","park_rank":5,"name":"Lassen Volcanic National Park"},{"unit_code":"labe","latitude":41.7592,"longitude":-121.5172,"source_type":"park","short_name":"Lava Beds NM","park_rank":9,"name":"Lava Beds National Monument"},{"unit_code":"lyba","latitude":38.8786,"longitude":-77.0515,"source_type":"park","short_name":"LBJ Memorial Grove on the Potomac","park_rank":11,"name":"LBJ Memorial Grove on the Potomac"},{"unit_code":"lewi","latitude":46.13009471927222,"longitude":-123.8904272151029,"source_type":"park","short_name":"Lewis and Clark NHP","park_rank":5,"name":"Lewis and Clark National Historical Park"},{"unit_code":"lecl","latitude":44.165778228211856,"longitude":-99.91519072859566,"source_type":"park","short_name":"Lewis & Clark NHT","park_rank":null,"name":"Lewis and Clark National Historic Trail"},{"unit_code":"libo","latitude":38.1182,"longitude":-86.9965,"source_type":"park","short_name":"Lincoln Boyhood N MEM","park_rank":9,"name":"Lincoln Boyhood National Memorial"},{"unit_code":"liho","latitude":39.7972,"longitude":-89.6451,"source_type":"park","short_name":"Lincoln Home NHS","park_rank":10,"name":"Lincoln Home National Historic Site"},{"unit_code":"linc","latitude":38.8893,"longitude":-77.0502,"source_type":"park","short_name":"Lincoln MEM","park_rank":11,"name":"Lincoln Memorial"},{"unit_code":"liri","latitude":34.423,"longitude":-85.6128,"source_type":"park","short_name":"Little River Canyon N PRES","park_rank":9,"name":"Little River Canyon National Preserve"},{"unit_code":"chsc","latitude":34.7369,"longitude":-92.2999,"source_type":"park","short_name":"Little Rock Central High School NHS","park_rank":10,"name":"Little Rock Central High School National Historic Site"},{"unit_code":"long","latitude":42.37698924132165,"longitude":-71.12636167333417,"source_type":"park","short_name":"Longfellow House NHS","park_rank":11,"name":"Longfellow House Washington's Headquarters National Historic Site"},{"unit_code":"lowe","latitude":42.644173397319214,"longitude":-71.31289414972007,"source_type":"park","short_name":"Lowell NHP","park_rank":6,"name":"Lowell National Historical Park"},{"unit_code":"lode","latitude":40.4000389,"longitude":-74.983737,"source_type":"park","short_name":"Affiliated Unit","park_rank":19,"name":"Lower Delaware National Wild and Scenic River"},{"unit_code":"loea","latitude":40.718768302813174,"longitude":-73.9900124518688,"source_type":"park","short_name":"Affiliated Unit","park_rank":19,"name":"Lower East Side Tenement Museum National Historic Site"},{"unit_code":"losa","latitude":45.242158815578044,"longitude":-92.75498894880538,"source_type":"park","short_name":"Saint Croix NSR","park_rank":16,"name":"Lower St. Croix NSR, Saint Croix NSR"},{"unit_code":"lyjo","latitude":30.27262861960093,"longitude":-98.41537481130229,"source_type":"park","short_name":"Lyndon B Johnson NHP","park_rank":9,"name":"Lyndon B Johnson National Historical Park"},{"unit_code":"mawa","latitude":37.54780611839857,"longitude":-77.43747425478577,"source_type":"park","short_name":"Maggie L Walker NHS","park_rank":11,"name":"Maggie L Walker National Historic Site"},{"unit_code":"maac","latitude":47.25102114119909,"longitude":-68.59447531696075,"source_type":"park","short_name":"Affiliated Unit","park_rank":18,"name":"Maine Acadian Culture"},{"unit_code":"maca","latitude":37.1976,"longitude":-86.1309,"source_type":"park","short_name":"Mammoth Cave NP","park_rank":3,"name":"Mammoth Cave National Park"},{"unit_code":"mana","latitude":38.819,"longitude":-77.5333,"source_type":"park","short_name":"Manassas NBP","park_rank":8,"name":"Manassas National Battlefield Park"},{"unit_code":"mapr","latitude":46.31847860444758,"longitude":-84.27207868820973,"source_type":"park","short_name":"Manhattan Project NHP - Oak Ridge","park_rank":15,"name":"Manhattan Project National Historical Park - Oakridge"},{"unit_code":"manz","latitude":36.7256,"longitude":-118.1547,"source_type":"park","short_name":"Manzanar NHS","park_rank":8,"name":"Manzanar National Historic Site"},{"unit_code":"mabi","latitude":43.6335,"longitude":-72.5342,"source_type":"park","short_name":"Marsh - Billings - Rockefeller NHP","park_rank":9,"name":"Marsh - Billings - Rockefeller National Historical Park"},{"unit_code":"mlkm","latitude":38.8866,"longitude":-77.0432,"source_type":"park","short_name":"Martin Luther King, Jr. MEM","park_rank":10,"name":"Martin Luther King, Jr. Memorial"},{"unit_code":"malu","latitude":33.7565480358765,"longitude":-84.37350162198362,"source_type":"park","short_name":"Martin Luther King, Jr. NHP","park_rank":9,"name":"Martin Luther King, Jr. National Historical Park"},{"unit_code":"mava","latitude":42.37044663268832,"longitude":-73.70454142605394,"source_type":"park","short_name":"Martin Van Buren NHS","park_rank":9,"name":"Martin Van Buren National Historic Site"},{"unit_code":"mabe","latitude":38.90818331997321,"longitude":-77.03096513137285,"source_type":"park","short_name":"Mary McLeod Bethune Council House NHS","park_rank":null,"name":"Mary McLeod Bethune Council House National Historic Site"},{"unit_code":"mamc","latitude":38.9082,"longitude":-77.031,"source_type":"park","short_name":"Mary McLeod Bethune Council House NHS","park_rank":11,"name":"Mary McLeod Bethune Council House National Historic Site"},{"unit_code":"mcho","latitude":45.357258248767494,"longitude":-122.60574885641485,"source_type":"park","short_name":"Fort Vancouver NHS","park_rank":16,"name":"McLoughlin House, Fort Vancouver NHS"},{"unit_code":"memy","latitude":32.34096274280558,"longitude":-90.21264553070067,"source_type":"park","short_name":"Medgar and Myrlie Evers Home NM","park_rank":15,"name":"Medgar and Myrlie Evers Home National Monument"},{"unit_code":"meve","latitude":37.2391,"longitude":-108.4624,"source_type":"park","short_name":"Mesa Verde NP","park_rank":5,"name":"Mesa Verde National Park"},{"unit_code":"dewa","latitude":41.14442698321132,"longitude":-74.92871675117725,"source_type":"park","short_name":"Middle Delaware NSR","park_rank":5,"name":"Middle Delaware NSR, Delaware Water Gap NRA"},{"unit_code":"misp","latitude":37.068919237833356,"longitude":-84.73615415381428,"source_type":"park","short_name":"Mill Springs Battlefield NM","park_rank":15,"name":"Mill Springs Battlefield National Monument"},{"unit_code":"miin","latitude":47.61539687718227,"longitude":-114.2465,"source_type":"park","short_name":"Minidoka NHS","park_rank":9,"name":"Minidoka National Historic Site"},{"unit_code":"mimi","latitude":43.93146213036546,"longitude":-101.90104237346402,"source_type":"park","short_name":"Minuteman Missile NHS","park_rank":8,"name":"Minuteman Missile National Historic Site"},{"unit_code":"mima","latitude":42.45459788433893,"longitude":-71.30148828961516,"source_type":"park","short_name":"Minute Man NHP","park_rank":6,"name":"Minute Man National Historical Park"},{"unit_code":"miss","latitude":44.9089,"longitude":-93.0429,"source_type":"park","short_name":"Mississippi NRRA","park_rank":3,"name":"Mississippi National River & Recreation Area"},{"unit_code":"mnrr","latitude":42.89341457453256,"longitude":-97.05396153945378,"source_type":"park","short_name":"Missouri NRR","park_rank":3,"name":"Missouri National Recreational River"},{"unit_code":"moja","latitude":35.18840856360062,"longitude":-115.54801043314488,"source_type":"park","short_name":"Mojave N PRES","park_rank":1,"name":"Mojave National Preserve"},{"unit_code":"mono","latitude":39.3621,"longitude":-77.3956,"source_type":"park","short_name":"Monocacy NB","park_rank":8,"name":"Monocacy National Battlefield"},{"unit_code":"moca","latitude":34.649118369256314,"longitude":-111.7574029682694,"source_type":"park","short_name":"Montezuma Castle NM","park_rank":6,"name":"Montezuma Well, Montezuma Castle NM"},{"unit_code":"mocr","latitude":34.4582,"longitude":-78.1103,"source_type":"park","short_name":"Moores Creek NB","park_rank":8,"name":"Moores Creek National Battlefield"},{"unit_code":"morr","latitude":40.7651,"longitude":-74.5346,"source_type":"park","short_name":"Morristown NHP","park_rank":6,"name":"Morristown National Historical Park"},{"unit_code":"mora","latitude":46.8606,"longitude":-121.7057,"source_type":"park","short_name":"Mount Rainier NP","park_rank":3,"name":"Mount Rainier National Park"},{"unit_code":"moru","latitude":43.8804,"longitude":-103.4525,"source_type":"park","short_name":"Mount Rushmore N MEM","park_rank":8,"name":"Mount Rushmore National Memorial"},{"unit_code":"muwo","latitude":37.8966,"longitude":-122.5808,"source_type":"park","short_name":"Muir Woods NM","park_rank":8,"name":"Muir Woods National Monument"},{"unit_code":"natc","latitude":31.55765613304831,"longitude":-91.38246798520258,"source_type":"park","short_name":"Natchez NHP","park_rank":8,"name":"Natchez National Historical Park"},{"unit_code":"natr","latitude":33.813,"longitude":-89.0097,"source_type":"park","short_name":"Natchez Trace PKWY & NST","park_rank":3,"name":"Natchez Trace Parkway and National Scenic Trail"},{"unit_code":"naca","latitude":38.91463203581784,"longitude":-76.96516239639419,"source_type":"park","short_name":"National Capital Parks P","park_rank":null,"name":"National Capital Parks"},{"unit_code":"npnh","latitude":40.6632,"longitude":-74.0451,"source_type":"park","short_name":"National Parks of New York Harbor","park_rank":null,"name":"National Parks of New York Harbor"},{"unit_code":"nabr","latitude":37.6045,"longitude":-110.0022,"source_type":"park","short_name":"Natural Bridges NM","park_rank":6,"name":"Natural Bridges National Monument"},{"unit_code":"nava","latitude":36.6859,"longitude":-110.5366,"source_type":"park","short_name":"Navajo NM","park_rank":9,"name":"Navajo National Monument"},{"unit_code":"nebe","latitude":41.6346,"longitude":-70.9233,"source_type":"park","short_name":"New Bedford Whaling NHP","park_rank":9,"name":"New Bedford Whaling National Historical Park"},{"unit_code":"pine","latitude":39.9384,"longitude":-74.625,"source_type":"park","short_name":"Affiliated Unit","park_rank":19,"name":"New Jersey Pinelands National Reserve"},{"unit_code":"jazz","latitude":29.958416334261322,"longitude":-90.06079778903667,"source_type":"park","short_name":"New Orleans Jazz NHP","park_rank":11,"name":"New Orleans Jazz National Historic Park"},{"unit_code":"neph","latitude":39.696196801832805,"longitude":-90.95756267316348,"source_type":"park","short_name":"New Philadelphia NHS","park_rank":15,"name":"New Philadelphia National Historic Site"},{"unit_code":"neri","latitude":37.84529427141489,"longitude":-81.01115902093794,"source_type":"park","short_name":"New River Gorge NP & PRES","park_rank":3,"name":"New River Gorge National Park & Preserve"},{"unit_code":"nico","latitude":39.3916,"longitude":-99.6169,"source_type":"park","short_name":"Nicodemus NHS","park_rank":8,"name":"Nicodemus National Historic Site"},{"unit_code":"nisi","latitude":34.1427,"longitude":-82.0164,"source_type":"park","short_name":"Ninety Six NHS","park_rank":8,"name":"Ninety Six National Historic Site"},{"unit_code":"niob","latitude":42.7941,"longitude":-99.9187,"source_type":"park","short_name":"Niobrara NSR","park_rank":3,"name":"Niobrara National Scenic River"},{"unit_code":"noat","latitude":68.16866720250209,"longitude":-159.58047766849768,"source_type":"park","short_name":"Noatak N PRES","park_rank":1,"name":"Noatak National Preserve"},{"unit_code":"noca","latitude":48.82615222947223,"longitude":-120.98516667090216,"source_type":"park","short_name":"North Cascades NP","park_rank":3,"name":"North Cascades National Park"},{"unit_code":"cari","latitude":31.664897070021294,"longitude":-92.94085034622164,"source_type":"park","short_name":"Cane River Creole NHP","park_rank":9,"name":"Oakland Plantation, Cane River Creole NHP"},{"unit_code":"obri","latitude":36.10775862599445,"longitude":-84.77293900379796,"source_type":"park","short_name":"Obed WSR","park_rank":null,"name":"Obed Wild and Scenic River"},{"unit_code":"obed","latitude":36.092589167564746,"longitude":-84.70781733382098,"source_type":"park","short_name":"Obed WSR","park_rank":3,"name":"Obed Wild & Scenic River"},{"unit_code":"ocmu","latitude":32.8381,"longitude":-83.6023,"source_type":"park","short_name":"Ocmulgee Mounds NHP","park_rank":8,"name":"Ocmulgee Mounds National Historical Park"},{"unit_code":"okci","latitude":35.473,"longitude":-97.5171,"source_type":"park","short_name":"Affiliated Unit","park_rank":19,"name":"Oklahoma City National Memorial"},{"unit_code":"opot","latitude":38.894,"longitude":-77.0275,"source_type":"park","short_name":"Old Post Office Tower","park_rank":17,"name":"Old Post Office Tower"},{"unit_code":"olym","latitude":47.8028,"longitude":-123.6653,"source_type":"park","short_name":"Olympic NP","park_rank":1,"name":"Olympic National Park"},{"unit_code":"orca","latitude":42.0964,"longitude":-123.4078,"source_type":"park","short_name":"Oregon Caves NM & PRES","park_rank":6,"name":"Oregon Caves National Monument & Preserve"},{"unit_code":"orpi","latitude":32.0359,"longitude":-112.8573,"source_type":"park","short_name":"Organ Pipe Cactus NM","park_rank":9,"name":"Organ Pipe Cactus National Monument"},{"unit_code":"oxhi","latitude":38.8058,"longitude":-77.0113,"source_type":"park","short_name":"Oxon Cove Park & Oxon Hill Farm","park_rank":17,"name":"Oxon Cove Park & Oxon Hill Farm"},{"unit_code":"ozar","latitude":37.158869511214824,"longitude":-91.1703470184177,"source_type":"park","short_name":"Ozark NSR","park_rank":6,"name":"Ozark National Scenic Riverways"},{"unit_code":"pais","latitude":27.0538,"longitude":-97.359,"source_type":"park","short_name":"Padre Island NS","park_rank":3,"name":"Padre Island National Seashore"},{"unit_code":"paal","latitude":26.0239,"longitude":-97.463,"source_type":"park","short_name":"Palo Alto Battlefield NHP","park_rank":6,"name":"Palo Alto Battlefield National Historical Park"},{"unit_code":"pagr","latitude":40.9162,"longitude":-74.1816,"source_type":"park","short_name":"Paterson Great Falls NHP","park_rank":10,"name":"Paterson Great Falls National Historical Park"},{"unit_code":"peri","latitude":36.4544,"longitude":-94.0347,"source_type":"park","short_name":"Pea Ridge NMP","park_rank":6,"name":"Pea Ridge National Military Park"},{"unit_code":"perl","latitude":21.367058264101995,"longitude":-157.9386636503728,"source_type":"park","short_name":"Pearl Harbor N MEM","park_rank":8,"name":"Pearl Harbor National Memorial"},{"unit_code":"peco","latitude":35.5419,"longitude":-105.6818,"source_type":"park","short_name":"Pecos NHP","park_rank":5,"name":"Pecos National Historical Park"},{"unit_code":"pimi","latitude":38.94026011260682,"longitude":-77.05189748004004,"source_type":"park","short_name":"Peirce Mill","park_rank":17,"name":"Peirce Mill"},{"unit_code":"paav","latitude":38.8959,"longitude":-77.0276,"source_type":"park","short_name":"Pennsylvania Avenue NHS","park_rank":10,"name":"Pennsylvania Avenue National Historic Site"},{"unit_code":"pevi","latitude":41.6545,"longitude":-82.8116,"source_type":"park","short_name":"Perry's Victory MEM","park_rank":9,"name":"Perry's Victory & International Peace Memorial"},{"unit_code":"pete","latitude":37.31661009686928,"longitude":-77.27634959451338,"source_type":"park","short_name":"Petersburg NB","park_rank":5,"name":"Petersburg National Battlefield"},{"unit_code":"foth","latitude":38.89677011571642,"longitude":-77.02575371192616,"source_type":"park","short_name":"Peterson House","park_rank":11,"name":"Peterson House"},{"unit_code":"pefo","latitude":34.9839,"longitude":-109.7878,"source_type":"park","short_name":"Petrified Forest NP","park_rank":3,"name":"Petrified Forest National Park"},{"unit_code":"petr","latitude":35.1391,"longitude":-106.7499,"source_type":"park","short_name":"Petroglyph NM","park_rank":6,"name":"Petroglyph National Monument"},{"unit_code":"piro","latitude":46.5771892530799,"longitude":-86.29968077723059,"source_type":"park","short_name":"Pictured Rocks NL","park_rank":3,"name":"Pictured Rocks National Lakeshore"},{"unit_code":"pinn","latitude":36.508514971768975,"longitude":-121.18157166137699,"source_type":"park","short_name":"Pinnacles NP","park_rank":5,"name":"Pinnacles National Park"},{"unit_code":"pisp","latitude":36.8628,"longitude":-112.7399,"source_type":"park","short_name":"Pipe Spring NM","park_rank":10,"name":"Pipe Spring National Monument"},{"unit_code":"pipe","latitude":44.0135,"longitude":-96.3248,"source_type":"park","short_name":"Pipestone NM","park_rank":8,"name":"Pipestone National Monument"},{"unit_code":"pisc","latitude":38.6929,"longitude":-77.05863902280495,"source_type":"park","short_name":"Piscataway Park","park_rank":6,"name":"Piscataway Park"},{"unit_code":"pore","latitude":38.07495685942225,"longitude":-122.88981933051592,"source_type":"park","short_name":"Point Reyes NS","park_rank":3,"name":"Point Reyes National Seashore"},{"unit_code":"poch","latitude":38.0575,"longitude":-122.0297,"source_type":"park","short_name":"Port Chicago Naval Magazine N MEM","park_rank":10,"name":"Port Chicago Naval Magazine National Memorial"},{"unit_code":"pohe","latitude":39.15060133406684,"longitude":-77.52301084853718,"source_type":"park","short_name":"Potomac Heritage NST","park_rank":1,"name":"Potomac Heritage National Scenic Trail"},{"unit_code":"popo","latitude":32.63529291967363,"longitude":-91.40777566537547,"source_type":"park","short_name":"Poverty Point NM","park_rank":6,"name":"Poverty Point National Monument"},{"unit_code":"wicl","latitude":33.6676,"longitude":-93.5964,"source_type":"park","short_name":"President William Jefferson Clinton Birthplace Home","park_rank":8,"name":"President William Jefferson Clinton Birthplace Home"},{"unit_code":"prsf","latitude":37.797,"longitude":-122.4671,"source_type":"park","short_name":"Golden Gate NRA","park_rank":16,"name":"Presidio of San Francisco, Golden Gate NRA"},{"unit_code":"prwi","latitude":38.5885,"longitude":-77.387,"source_type":"park","short_name":"Prince William Forest Park","park_rank":6,"name":"Prince William Forest Park"},{"unit_code":"pull","latitude":41.6943,"longitude":-87.6087,"source_type":"park","short_name":"Pullman NHP","park_rank":11,"name":"Pullman National Historical Park"},{"unit_code":"puho","latitude":19.412388489977147,"longitude":-155.90450012761687,"source_type":"park","short_name":"Pu`uhonua O Honaunau NHP","park_rank":8,"name":"Pu`uhonua O Honaunau National Historical Park"},{"unit_code":"puhe","latitude":20.0277,"longitude":-155.8212,"source_type":"park","short_name":"Pu`ukohola Heiau NHS","park_rank":10,"name":"Pu`ukohola Heiau National Historic Site"},{"unit_code":"kewe","latitude":47.2425676208465,"longitude":-88.44988949535797,"source_type":"park","short_name":"Keweenaw NHP","park_rank":9,"name":"Quincy Unit, Keweenaw NHP"},{"unit_code":"rabr","latitude":37.0779,"longitude":-110.9655,"source_type":"park","short_name":"Rainbow Bridge NM","park_rank":9,"name":"Rainbow Bridge National Monument"},{"unit_code":"reer","latitude":32.43250060411288,"longitude":-80.57757796715973,"source_type":"park","short_name":"Reconstruction Era NHP","park_rank":9,"name":"Reconstruction Era National Historical Park"},{"unit_code":null,"latitude":48.9892,"longitude":-73.68136479971031,"source_type":"park","short_name":"Affiliated Unit","park_rank":18,"name":"Red Hill Patrick Henry National Memorial"},{"unit_code":"redw","latitude":41.3724,"longitude":-124.0318,"source_type":"park","short_name":"Redwood NP","park_rank":3,"name":"Redwood National and State Parks"},{"unit_code":"libi","latitude":45.56521998288806,"longitude":-107.37897551105537,"source_type":"park","short_name":"Little Bighorn Battlefield NM","park_rank":6,"name":"Reno-Benteen Battlefield, Little Bighorn Battlefield NM"},{"unit_code":"rigr","latitude":29.881,"longitude":-102.3188,"source_type":"park","short_name":"Rio Grande WSR","park_rank":5,"name":"Rio Grande Wild & Scenic River"},{"unit_code":"rira","latitude":41.9136,"longitude":-83.3783,"source_type":"park","short_name":"River Raisin NB","park_rank":8,"name":"River Raisin National Battlefield"},{"unit_code":"romo","latitude":40.3556,"longitude":-105.6979,"source_type":"park","short_name":"Rocky Mountain NP","park_rank":3,"name":"Rocky Mountain National Park"},{"unit_code":"rowi","latitude":41.82988297563934,"longitude":-71.41056877201743,"source_type":"park","short_name":"Roger Williams N MEM","park_rank":10,"name":"Roger Williams National Memorial"},{"unit_code":"rrbh","latitude":41.8362324187993,"longitude":-89.48029224292814,"source_type":"park","short_name":"Ronald Reagan Boyhood Home NHS","park_rank":null,"name":"Ronald Reagan Boyhood Home National Historic Site"},{"unit_code":"roca","latitude":44.87494954358261,"longitude":-66.95927831611634,"source_type":"park","short_name":"Affiliated Unit","park_rank":18,"name":"Roosevelt Campobello International Park"},{"unit_code":"rori","latitude":37.91019291837417,"longitude":-122.35816235493168,"source_type":"park","short_name":"Rosie the Riveter WWII Home Front NHP","park_rank":8,"name":"Rosie the Riveter WWII Home Front National Historical Park"},{"unit_code":"rola","latitude":48.733726628442795,"longitude":-121.0280602395166,"source_type":"park","short_name":"Ross Lake NRA","park_rank":3,"name":"Ross Lake National Recreation Area"},{"unit_code":"ruca","latitude":34.9747,"longitude":-85.8157,"source_type":"park","short_name":"Russell Cave NM","park_rank":8,"name":"Russell Cave National Monument"},{"unit_code":"sahi","latitude":40.8858,"longitude":-73.4969,"source_type":"park","short_name":"Sagamore Hill NHS","park_rank":9,"name":"Sagamore Hill National Historic Site"},{"unit_code":"sacr","latitude":45.128,"longitude":-67.133,"source_type":"park","short_name":"Saint Croix Island IHS","park_rank":8,"name":"Saint Croix Island International Historic Site"},{"unit_code":"sacn","latitude":45.5665,"longitude":-92.7577,"source_type":"park","short_name":"Saint Croix NSR","park_rank":3,"name":"Saint Croix National Scenic Riverway"},{"unit_code":"saga","latitude":43.4997,"longitude":-72.3733,"source_type":"park","short_name":"Saint-Gaudens NHP","park_rank":9,"name":"Saint-Gaudens National Historical Park"},{"unit_code":"sapa","latitude":40.8928,"longitude":-73.8258,"source_type":"park","short_name":"Saint Paul's Church NHS","park_rank":11,"name":"Saint Paul's Church National Historic Site"},{"unit_code":"sama","latitude":42.5202,"longitude":-70.8864,"source_type":"park","short_name":"Salem Maritime NHS","park_rank":10,"name":"Salem Maritime National Historic Site"},{"unit_code":"sapu","latitude":34.59986251503435,"longitude":-106.09029320803211,"source_type":"park","short_name":"Salinas Pueblo NM","park_rank":5,"name":"Salinas Pueblo Missions National Monument"},{"unit_code":"sari","latitude":17.7791,"longitude":-64.7552,"source_type":"park","short_name":"Salt River Bay NHP","park_rank":8,"name":"Salt River Bay National Historic Park and Ecological Preserve"},{"unit_code":"saan","latitude":29.3420884932635,"longitude":-98.16592769231654,"source_type":"park","short_name":"San Antonio Missions NHP","park_rank":6,"name":"San Antonio Missions National Historical Park"},{"unit_code":"sand","latitude":38.5642,"longitude":-102.5169,"source_type":"park","short_name":"Sand Creek Massacre NHS","park_rank":6,"name":"Sand Creek Massacre National Historic Site"},{"unit_code":"safr","latitude":37.8083,"longitude":-122.4234,"source_type":"park","short_name":"San Francisco Maritime NHP","park_rank":9,"name":"San Francisco Maritime National Historical Park"},{"unit_code":"sajh","latitude":48.584756503391446,"longitude":-123.01760527139064,"source_type":"park","short_name":"San Juan Island NHP","park_rank":6,"name":"San Juan Island National Historical Park"},{"unit_code":"saju","latitude":18.4687,"longitude":-66.1185,"source_type":"park","short_name":"San Juan NHS","park_rank":5,"name":"San Juan National Historic Site"},{"unit_code":"fols","latitude":38.1805,"longitude":-99.2184,"source_type":"park","short_name":"Fort Larned NHS","park_rank":8,"name":"Santa Fe Trail Ruts Site, Fort Larned NHS"},{"unit_code":"samo","latitude":34.0956,"longitude":-118.7724,"source_type":"park","short_name":"Santa Monica Mountains NRA","park_rank":3,"name":"Santa Monica Mountains National Recreation Area"},{"unit_code":"chis","latitude":34.040569396471156,"longitude":-119.03604984283447,"source_type":"park","short_name":"Channel Islands NP","park_rank":3,"name":"Santa Rosa Island, Channel Islands NP"},{"unit_code":"sara","latitude":42.9952,"longitude":-73.6339,"source_type":"park","short_name":"Saratoga NHP","park_rank":6,"name":"Saratoga National Historical Park"},{"unit_code":"sair","latitude":42.4685,"longitude":-71.0073,"source_type":"park","short_name":"Saugus Iron Works NHS","park_rank":10,"name":"Saugus Iron Works National Historic Site"},{"unit_code":"hafe","latitude":39.3187,"longitude":-77.7419,"source_type":"park","short_name":"Schoolhouse Ridge South","park_rank":6,"name":"Schoolhouse Ridge South"},{"unit_code":"scbl","latitude":41.8346,"longitude":-103.7071,"source_type":"park","short_name":"Scotts Bluff NM","park_rank":6,"name":"Scotts Bluff National Monument"},{"unit_code":"semo","latitude":32.2708,"longitude":-86.7282,"source_type":"park","short_name":"Selma to Montgomery NHT","park_rank":6,"name":"Selma to Montgomery National Historic Trail"},{"unit_code":"seki","latitude":36.70461663914825,"longitude":-118.57357470466896,"source_type":"park","short_name":"Sequoia & Kings Canyon National Parks","park_rank":1,"name":"Sequoia & Kings Canyon National Parks"},{"unit_code":"sequ","latitude":36.5079,"longitude":-118.5752,"source_type":"park","short_name":"Sequoia NP","park_rank":2,"name":"Sequoia National Park"},{"unit_code":"joda","latitude":44.922639818523166,"longitude":-119.63338894405916,"source_type":"park","short_name":"John Day Fossil Beds NM","park_rank":3,"name":"Sheep Rock Unit, John Day Fossil Beds NM"},{"unit_code":"shen","latitude":38.4927,"longitude":-78.4686,"source_type":"park","short_name":"Shenandoah NP","park_rank":3,"name":"Shenandoah National Park"},{"unit_code":"shil","latitude":35.1385,"longitude":-88.3421,"source_type":"park","short_name":"Shiloh NMP","park_rank":6,"name":"Shiloh National Military Park"},{"unit_code":"sitk","latitude":57.0471,"longitude":-135.3155,"source_type":"park","short_name":"Sitka NHP","park_rank":5,"name":"Sitka National Historical Park"},{"unit_code":"slbe","latitude":44.89577596137444,"longitude":-86.05277669897674,"source_type":"park","short_name":"Sleeping Bear Dunes NL","park_rank":3,"name":"Sleeping Bear Dunes National Lakeshore"},{"unit_code":"mall","latitude":38.890088346884816,"longitude":-77.01643179184475,"source_type":"park","short_name":"Smithsonian Grounds","park_rank":11,"name":"Smithsonian Grounds"},{"unit_code":"spra","latitude":39.8044106816477,"longitude":-89.64213598849835,"source_type":"park","short_name":"Springfield 1908 Race Riot NM","park_rank":10,"name":"Springfield 1908 Race Riot National Monument"},{"unit_code":"spar","latitude":42.107439343446096,"longitude":-72.58295798076443,"source_type":"park","short_name":"Springfield Armory NHS","park_rank":9,"name":"Springfield Armory National Historic Site"},{"unit_code":"hocu","latitude":39.385821997355386,"longitude":-82.91788227412282,"source_type":"park","short_name":"Hopewell Culture NHP","park_rank":6,"name":"Spruce Hill Earthworks, Hopewell Culture NHP"},{"unit_code":"nace","latitude":38.9036,"longitude":-76.9437,"source_type":"park","short_name":"Stanton Park","park_rank":7,"name":"Stanton Park"},{"unit_code":"alpo","latitude":40.43299760287258,"longitude":-78.52014801177668,"source_type":"park","short_name":"Allegheny Portage Railroad NHS","park_rank":6,"name":"Staple Bend Tunnel Unit, Allegheny Portage Railroad NHS"},{"unit_code":"gate","latitude":40.6027,"longitude":-73.8622,"source_type":"park","short_name":"Gateway NRA","park_rank":3,"name":"Staten Island Unit, Gateway NRA"},{"unit_code":"stli","latitude":40.6939,"longitude":-74.0442,"source_type":"park","short_name":"Statue Of Liberty NM","park_rank":9,"name":"Statue Of Liberty National Monument"},{"unit_code":"stea","latitude":41.4076,"longitude":-75.6704,"source_type":"park","short_name":"Steamtown NHS","park_rank":9,"name":"Steamtown National Historic Site"},{"unit_code":"stge","latitude":37.97921714211791,"longitude":-90.04321575164795,"source_type":"park","short_name":"Ste. Genevieve NHP","park_rank":9,"name":"Ste. Genevieve National Historical Park"},{"unit_code":"stri","latitude":35.8761,"longitude":-86.4308,"source_type":"park","short_name":"Stones River NB","park_rank":6,"name":"Stones River National Battlefield"},{"unit_code":"ston","latitude":40.7338,"longitude":-74.0006,"source_type":"park","short_name":"Stonewall NM","park_rank":10,"name":"Stonewall National Monument"},{"unit_code":"badl","latitude":43.860963450523194,"longitude":-102.2745911789605,"source_type":"park","short_name":"Badlands NP","park_rank":3,"name":"Stronghold Unit, Badlands NP"},{"unit_code":"suit","latitude":38.8396,"longitude":-76.913,"source_type":"park","short_name":"Suitland PKWY","park_rank":17,"name":"Suitland Parkway"},{"unit_code":"sucr","latitude":35.3711,"longitude":-111.5104,"source_type":"park","short_name":"Sunset Crater Volcano NM","park_rank":8,"name":"Sunset Crater Volcano National Monument"},{"unit_code":"tapr","latitude":38.4403,"longitude":-96.5673,"source_type":"park","short_name":"Tallgrass Prairie N PRES","park_rank":6,"name":"Tallgrass Prairie National Preserve"},{"unit_code":"thko","latitude":39.943452724639876,"longitude":-75.14732143689088,"source_type":"park","short_name":"Thaddeus Kosciuszko N MEM","park_rank":11,"name":"Thaddeus Kosciuszko National Memorial"},{"unit_code":"frst","latitude":39.829,"longitude":-75.44829877668505,"source_type":"park","short_name":"First State NHP","park_rank":6,"name":"The Green, First State NHP"},{"unit_code":"thrb","latitude":40.73864067594252,"longitude":-73.98903221029231,"source_type":"park","short_name":"Theodore Roosevelt Birthplace NHS","park_rank":11,"name":"Theodore Roosevelt Birthplace National Historic Site"},{"unit_code":"thri","latitude":42.9015,"longitude":-78.8724,"source_type":"park","short_name":"Theodore Roosevelt Inaugural NHS","park_rank":11,"name":"Theodore Roosevelt Inaugural National Historic Site"},{"unit_code":"this","latitude":38.8958,"longitude":-77.0624,"source_type":"park","short_name":"Theodore Roosevelt Island","park_rank":10,"name":"Theodore Roosevelt Island"},{"unit_code":"thro","latitude":47.6002,"longitude":-103.3804,"source_type":"park","short_name":"Theodore Roosevelt NP","park_rank":3,"name":"Theodore Roosevelt National Park"},{"unit_code":"olst","latitude":38.905382219027366,"longitude":-77.0603805205527,"source_type":"park","short_name":"The Old Stone House","park_rank":17,"name":"The Old Stone House"},{"unit_code":"whho","latitude":38.8995,"longitude":-77.0365,"source_type":"park","short_name":"The White House and President's Park","park_rank":10,"name":"The White House and President's Park"},{"unit_code":"thco","latitude":42.225706070203394,"longitude":-73.86154864088167,"source_type":"park","short_name":"Affiliated Unit","park_rank":19,"name":"Thomas Cole National Historic Site"},{"unit_code":"edis","latitude":40.786062977494126,"longitude":-74.23385174886899,"source_type":"park","short_name":"Thomas Edison NHP","park_rank":10,"name":"Thomas Edison National Historical Park"},{"unit_code":"thje","latitude":38.881,"longitude":-77.0363,"source_type":"park","short_name":"Thomas Jefferson MEM","park_rank":10,"name":"Thomas Jefferson Memorial"},{"unit_code":"jefm","latitude":38.881014296166924,"longitude":-77.03632572973653,"source_type":"park","short_name":"Thomas Jefferson Memorial NM","park_rank":null,"name":"Thomas Jefferson Memorial"},{"unit_code":"thst","latitude":38.5293,"longitude":-77.0378,"source_type":"park","short_name":"Thomas Stone NHS","park_rank":9,"name":"Thomas Stone National Historic Site"},{"unit_code":"tica","latitude":40.4404,"longitude":-111.7094,"source_type":"park","short_name":"Timpanogos Cave NM","park_rank":8,"name":"Timpanogos Cave National Monument"},{"unit_code":"timu","latitude":30.46737660942637,"longitude":-81.45219282716205,"source_type":"park","short_name":"Timucuan EHP","park_rank":5,"name":"Timucuan Ecological & Historic Preserve"},{"unit_code":"tont","latitude":33.6484,"longitude":-111.1136,"source_type":"park","short_name":"Tonto NM","park_rank":8,"name":"Tonto National Monument"},{"unit_code":"tosy","latitude":41.48943863380359,"longitude":-71.31197930059433,"source_type":"park","short_name":"Affiliated Unit","park_rank":19,"name":"Touro Synagogue National Historic Site"},{"unit_code":"rich","latitude":37.656735685984465,"longitude":-77.24965621955724,"source_type":"park","short_name":"Richmond NBP","park_rank":6,"name":"Tredegar Iron Works, Richmond NBP"},{"unit_code":"hstr","latitude":39.093718214134086,"longitude":-94.42309348184732,"source_type":"park","short_name":"Harry S Truman NHS","park_rank":11,"name":"Truman Home, Harry S Truman NHS"},{"unit_code":"band","latitude":35.86143911364314,"longitude":-106.20995060884566,"source_type":"park","short_name":"Bandelier NM","park_rank":5,"name":"Tsankawi Section, Bandelier NM"},{"unit_code":"sagu","latitude":32.29771822431414,"longitude":-110.62502548809655,"source_type":"park","short_name":"Saguaro NP","park_rank":5,"name":"Tucson Mountain District, Saguaro NP"},{"unit_code":"tule","latitude":41.8873,"longitude":-121.3745,"source_type":"park","short_name":"","park_rank":9,"name":"Tule Lake National Monument"},{"unit_code":"tusk","latitude":36.4044,"longitude":-115.3583,"source_type":"park","short_name":"Tule Springs Fossil Beds NM","park_rank":5,"name":"Tule Springs Fossil Beds National Monument"},{"unit_code":"tuma","latitude":31.57245397546263,"longitude":-110.90151984477173,"source_type":"park","short_name":"Tumacácori NHP","park_rank":6,"name":"Tumacácori National Historical Park"},{"unit_code":"tupe","latitude":34.2556,"longitude":-88.7371,"source_type":"park","short_name":"Tupelo NB","park_rank":11,"name":"Tupelo National Battlefield"},{"unit_code":"tuai","latitude":32.4554,"longitude":-85.6798,"source_type":"park","short_name":"Tuskegee Airmen NHS","park_rank":9,"name":"Tuskegee Airmen National Historic Site"},{"unit_code":"tuin","latitude":32.4296,"longitude":-85.7049,"source_type":"park","short_name":"Tuskegee Institute NHS","park_rank":9,"name":"Tuskegee Institute National Historic Site"},{"unit_code":"npsa","latitude":-14.173709326464333,"longitude":-169.4523372373175,"source_type":"park","short_name":"National Park of American Samoa","park_rank":12,"name":"Tutuila, National Park of American Samoa"},{"unit_code":"tuzi","latitude":34.773,"longitude":-112.0279,"source_type":"park","short_name":"Tuzigoot NM","park_rank":8,"name":"Tuzigoot National Monument"},{"unit_code":"ulsg","latitude":38.5518,"longitude":-90.3517,"source_type":"park","short_name":"Ulysses S Grant NHS","park_rank":11,"name":"Ulysses S Grant National Historic Site"},{"unit_code":"upde","latitude":41.6617,"longitude":-75.0386,"source_type":"park","short_name":"Upper Delaware SRR","park_rank":3,"name":"Upper Delaware Scenic & Recreational River"},{"unit_code":"gwmp","latitude":38.9628,"longitude":-77.03856437591524,"source_type":"park","short_name":"U.S. Marine Corps War Memorial (Iwo Jima)","park_rank":8,"name":"U.S. Marine Corps War Memorial (Iwo Jima)"},{"unit_code":"vall","latitude":35.9168,"longitude":-106.5196,"source_type":"park","short_name":"Valles Caldera N PRES","park_rank":5,"name":"Valles Caldera National Preserve"},{"unit_code":"vafo","latitude":40.1005,"longitude":-75.4458,"source_type":"park","short_name":"Valley Forge NHP","park_rank":6,"name":"Valley Forge National Historical Park"},{"unit_code":"vama","latitude":41.7948,"longitude":-73.942,"source_type":"park","short_name":"Vanderbilt Mansion NHS","park_rank":9,"name":"Vanderbilt Mansion National Historic Site"},{"unit_code":"vick","latitude":32.37382243457567,"longitude":-90.85387695757382,"source_type":"park","short_name":"Vicksburg NMP","park_rank":6,"name":"Vicksburg National Military Park"},{"unit_code":"vive","latitude":38.891,"longitude":-77.0477,"source_type":"park","short_name":"Vietnam Veterans MEM","park_rank":10,"name":"Vietnam Veterans Memorial"},{"unit_code":"bith","latitude":30.7897,"longitude":-94.1063,"source_type":"park","short_name":"Big Thicket N PRES","park_rank":3,"name":"Village Creek Corridor Unit, Big Thicket N PRES"},{"unit_code":"vicr","latitude":18.2765,"longitude":-64.6961,"source_type":"park","short_name":"Virgin Islands Coral Reef NM","park_rank":6,"name":"Virgin Islands Coral Reef National Monument"},{"unit_code":"viis","latitude":18.3428,"longitude":-64.7419,"source_type":"park","short_name":"Virgin Islands NP","park_rank":12,"name":"Virgin Islands National Park"},{"unit_code":"voya","latitude":48.4839,"longitude":-92.8381,"source_type":"park","short_name":"Voyageurs NP","park_rank":3,"name":"Voyageurs National Park"},{"unit_code":"waco","latitude":31.6047,"longitude":-97.1761,"source_type":"park","short_name":"Waco Mammoth NM","park_rank":6,"name":"Waco Mammoth National Monument"},{"unit_code":"waca","latitude":35.1682,"longitude":-111.5024,"source_type":"park","short_name":"Walnut Canyon NM","park_rank":6,"name":"Walnut Canyon National Monument"},{"unit_code":"wapa","latitude":13.487368901377318,"longitude":144.73292918725036,"source_type":"park","short_name":"War In The Pacific NHP","park_rank":12,"name":"War In The Pacific National Historical Park"},{"unit_code":"wamo","latitude":38.8894814428121,"longitude":-77.03520717916092,"source_type":"park","short_name":"Washington Monument","park_rank":10,"name":"Washington Monument"},{"unit_code":"waba","latitude":35.6208,"longitude":-99.7045,"source_type":"park","short_name":"Washita Battlefield NHS","park_rank":9,"name":"Washita Battlefield National Historic Site"},{"unit_code":"wefa","latitude":41.2582,"longitude":-73.454,"source_type":"park","short_name":"Weir Farm NHP","park_rank":9,"name":"Weir Farm National Historical Park"},{"unit_code":"nama","latitude":38.9097,"longitude":-77.00658255618497,"source_type":"park","short_name":"West Potomac Park","park_rank":7,"name":"West Potomac Park"},{"unit_code":"jela","latitude":30.493135251523356,"longitude":-89.99073359580548,"source_type":"park","short_name":"Jean Lafitte NHP & PRES","park_rank":8,"name":"Wetlands Acadian Cultural Center, Jean Lafitte NHP & PRES"},{"unit_code":"whis","latitude":40.6136,"longitude":-122.6023,"source_type":"park","short_name":"Whiskeytown NRA","park_rank":5,"name":"Whiskeytown National Recreation Area"},{"unit_code":"nepe","latitude":48.377409283133574,"longitude":-109.21137485588528,"source_type":"park","short_name":"Nez Perce NHP","park_rank":8,"name":"White Bird Battlefield, Nez Perce NHP"},{"unit_code":"rocr","latitude":38.9782,"longitude":-76.97089235203647,"source_type":"park","short_name":"Whitehaven Parkway","park_rank":8,"name":"Whitehaven Parkway"},{"unit_code":"whsa","latitude":32.7791,"longitude":-106.3333,"source_type":"park","short_name":"White Sands NP","park_rank":5,"name":"White Sands National Park"},{"unit_code":"blrv","latitude":42.13364998072366,"longitude":-71.38243394501251,"source_type":"park","short_name":"Blackstone River Valley NHP","park_rank":6,"name":"Whitinsville Historic District, Blackstone River Valley NHP"},{"unit_code":"whmi","latitude":46.0412,"longitude":-118.4629,"source_type":"park","short_name":"Whitman Mission NHS","park_rank":8,"name":"Whitman Mission National Historic Site"},{"unit_code":"frsp","latitude":38.311387386838575,"longitude":-77.44111791617782,"source_type":"park","short_name":"Fredericksburg & Spotsylvania NMP","park_rank":5,"name":"Wilderness Battlefield, Fredericksburg & Spotsylvania NMP"},{"unit_code":"wiho","latitude":39.1197,"longitude":-84.5076,"source_type":"park","short_name":"William Howard Taft NHS","park_rank":10,"name":"William Howard Taft National Historic Site"},{"unit_code":"wicr","latitude":37.1,"longitude":-93.4099,"source_type":"park","short_name":"Wilson's Creek NB","park_rank":8,"name":"Wilson's Creek National Battlefield"},{"unit_code":"wica","latitude":43.5875,"longitude":-103.4403,"source_type":"park","short_name":"Wind Cave NP","park_rank":5,"name":"Wind Cave National Park"},{"unit_code":"wing","latitude":47.598208586650046,"longitude":-122.32289122662503,"source_type":"park","short_name":"Affiliated Unit","park_rank":19,"name":"Wing Luke Museum of the Asian Pacific American Experience"},{"unit_code":"wotr","latitude":38.9385,"longitude":-77.2648,"source_type":"park","short_name":"Wolf Trap National Park for the Performing Arts","park_rank":9,"name":"Wolf Trap National Park for the Performing Arts"},{"unit_code":"wori","latitude":42.91287750543004,"longitude":-76.78818499690512,"source_type":"park","short_name":"Women's Rights NHP","park_rank":8,"name":"Women's Rights National Historical Park"},{"unit_code":"wwii","latitude":38.8892,"longitude":-77.0404,"source_type":"park","short_name":"World War II MEM","park_rank":11,"name":"World War II Memorial"},{"unit_code":"wwim","latitude":38.8959,"longitude":-77.0329,"source_type":"park","short_name":"World War I MEM","park_rank":11,"name":"World War I Memorial"},{"unit_code":"wrst","latitude":62.26236439950469,"longitude":-139.89233395622867,"source_type":"park","short_name":"Wrangell - St Elias N PRES","park_rank":1,"name":"Wrangell - St Elias National Preserve"},{"unit_code":"wrbr","latitude":36.0162,"longitude":-75.6698,"source_type":"park","short_name":"Wright Brothers N MEM","park_rank":8,"name":"Wright Brothers National Memorial"},{"unit_code":"daav","latitude":39.80428932196945,"longitude":-84.0644474015792,"source_type":"park","short_name":"Dayton Aviation NHP","park_rank":9,"name":"Wright Company Factory, Dayton Aviation NHP"},{"unit_code":"wupa","latitude":35.5574,"longitude":-111.3957,"source_type":"park","short_name":"Wupatki NM","park_rank":5,"name":"Wupatki National Monument"},{"unit_code":"yell","latitude":44.5982,"longitude":-110.5472,"source_type":"park","short_name":"Yellowstone NP","park_rank":1,"name":"Yellowstone National Park"},{"unit_code":"york","latitude":37.2195,"longitude":-76.4983,"source_type":"park","short_name":"Colonial NHP","park_rank":16,"name":"Yorktown Battlefield, Colonial NHP"},{"unit_code":"yose","latitude":37.8489,"longitude":-119.556,"source_type":"park","short_name":"Yosemite NP","park_rank":1,"name":"Yosemite National Park"},{"unit_code":"yuho","latitude":37.2478,"longitude":-108.6861,"source_type":"park","short_name":"Yucca House NM","park_rank":9,"name":"Yucca House National Monument"},{"unit_code":"yuch","latitude":65.0586,"longitude":-143.1362,"source_type":"park","short_name":"Yukon - Charley Rivers N PRES","park_rank":1,"name":"Yukon - Charley Rivers National Preserve"},{"unit_code":"zion","latitude":37.2984,"longitude":-113.0265,"source_type":"park","short_name":"Zion NP","park_rank":3,"name":"Zion National Park"},{"unit_code":"safe","latitude":37.72765222256037,"longitude":-99.92196922703849,"source_type":"park","short_name":"Santa Fe NHT","park_rank":null,"name":null},{"unit_code":"chba","latitude":39.977619752579926,"longitude":-76.49642062282871,"source_type":"park","short_name":null,"park_rank":null,"name":null},{"unit_code":"olsp","latitude":37.079178251404834,"longitude":-112.11469343148207,"source_type":"park","short_name":"Old Spanish NHT","park_rank":null,"name":null},{"unit_code":"poex","latitude":42.236576112771225,"longitude":-109.2661484171701,"source_type":"park","short_name":"Pony Express NHT","park_rank":null,"name":null},{"unit_code":"ovvi","latitude":35.889088373351356,"longitude":-81.56290825491743,"source_type":"park","short_name":"Overmountain Victory NHT","park_rank":null,"name":null},{"unit_code":"trte","latitude":36.053002104648456,"longitude":-89.67610419631421,"source_type":"park","short_name":"Trail of Tears NHT","park_rank":null,"name":null},{"unit_code":"natt","latitude":33.74894250943787,"longitude":-89.02522819980675,"source_type":"park","short_name":"Natchez Trace NST","park_rank":null,"name":null},{"unit_code":"iafl","latitude":46.566930900787135,"longitude":-118.9925649711607,"source_type":"park","short_name":"Ice Age Floods National Geologic Trail","park_rank":null,"name":null},{"unit_code":"stsp","latitude":38.71060395747342,"longitude":-76.70842392834074,"source_type":"park","short_name":"Star-Spangled Banner NHT","park_rank":null,"name":null},{"unit_code":"cwdw","latitude":38.89328093190859,"longitude":-77.03694608029161,"source_type":"park","short_name":"Civil War Defenses of Washington","park_rank":null,"name":null},{"unit_code":"cali","latitude":42.3999643979285,"longitude":-108.70241536904624,"source_type":"park","short_name":"California NHT","park_rank":null,"name":null},{"unit_code":"mopi","latitude":41.26503217413554,"longitude":-101.84083755965037,"source_type":"park","short_name":"Mormon Pioneer NHT","park_rank":null,"name":null},{"unit_code":"oreg","latitude":41.9876977830751,"longitude":-109.63420084053735,"source_type":"park","short_name":"Oregon NHT","park_rank":null,"name":null},{"unit_code":"waro","latitude":40.09582045568445,"longitude":-74.85635151089443,"source_type":"park","short_name":"Washington-Rochambeau Revolutionary War Route NHT","park_rank":null,"name":null},{"unit_code":"elca","latitude":33.79906725461678,"longitude":-106.86638619467294,"source_type":"park","short_name":"El Camino Real de Tierra Adentro NHT","park_rank":null,"name":null},{"unit_code":"alka","latitude":19.14466810902483,"longitude":-155.89073429379488,"source_type":"park","short_name":"Ala Kahakai NHT","park_rank":null,"name":null},{"unit_code":"noco","latitude":46.33440074298179,"longitude":-90.8165630499445,"source_type":"park","short_name":"North Country NST","park_rank":null,"name":null},{"unit_code":"neen","latitude":41.996455542170274,"longitude":-72.7332267204704,"source_type":"park","short_name":"New England NST","park_rank":null,"name":null},{"unit_code":"juba","latitude":33.87433909938367,"longitude":-117.22417985650682,"source_type":"park","short_name":"Juan Bautista de Anza NHT","park_rank":null,"name":null},{"unit_code":"elte","latitude":30.092296458120433,"longitude":-97.33976667247562,"source_type":"park","short_name":"El Camino Real de los Tejas NHT","park_rank":null,"name":null}],"time":0.015,"fields":{"unit_code":{"type":"string","pgtype":"text"},"latitude":{"type":"number","pgtype":"float8"},"longitude":{"type":"number","pgtype":"float8"},"source_type":{"type":"string","pgtype":"text"},"short_name":{"type":"string","pgtype":"text"},"park_rank":{"type":"number","pgtype":"float8"},"name":{"type":"string","pgtype":"text"}},"total_rows":500}