{"texture_forest_1":{"width":64,"height":64,"x":0,"y":0,"pixelRatio":1,"visible":true},"texture_wetland_64":{"width":64,"height":64,"x":64,"y":0,"pixelRatio":1,"visible":true},"wilderness_area_pattern_fill_std":{"width":37,"height":37,"x":0,"y":64,"pixelRatio":1,"visible":true},"pedestrian-crossing-warning-guis":{"width":34,"height":34,"x":37,"y":64,"pixelRatio":1,"visible":true},"texture_sand_3":{"width":32,"height":32,"x":71,"y":64,"pixelRatio":1,"visible":true},"pt4-milemarker-rev":{"width":24,"height":30,"x":103,"y":64,"pixelRatio":1,"visible":true},"us-highway-duplex":{"width":22,"height":29,"x":127,"y":64,"pixelRatio":1,"visible":true},"us-interstate-duplex":{"width":22,"height":29,"x":149,"y":64,"pixelRatio":1,"visible":true},"big_bus_logo":{"width":24,"height":24,"x":171,"y":64,"pixelRatio":1,"visible":true},"circulator_logo":{"width":24,"height":24,"x":195,"y":64,"pixelRatio":1,"visible":true},"dc_circulator_logo":{"width":24,"height":24,"x":219,"y":64,"pixelRatio":1,"visible":true},"us-highway-reflen3":{"width":24,"height":24,"x":128,"y":0,"pixelRatio":1,"visible":true},"us-interstate-reflen3":{"width":24,"height":24,"x":152,"y":0,"pixelRatio":1,"visible":true},"capital_bikeshare_logo":{"width":23,"height":23,"x":176,"y":0,"pixelRatio":1,"visible":true},"metro-elevator-gr-yl-or-bl-sv":{"width":44,"height":21,"x":199,"y":0,"pixelRatio":1,"visible":true},"dc-metro-station_bl":{"width":29,"height":20,"x":0,"y":101,"pixelRatio":1,"visible":true},"dc-metro-station_bl-or-sv":{"width":47,"height":20,"x":29,"y":101,"pixelRatio":1,"visible":true},"dc-metro-station_bl-yl":{"width":38,"height":20,"x":76,"y":101,"pixelRatio":1,"visible":true},"dc-metro-station_gr":{"width":29,"height":20,"x":114,"y":101,"pixelRatio":1,"visible":true},"dc-metro-station_gr-yl":{"width":38,"height":20,"x":143,"y":101,"pixelRatio":1,"visible":true},"dc-metro-station_gr-yl-or-bl-sv":{"width":47,"height":20,"x":181,"y":101,"pixelRatio":1,"visible":true},"dc-metro-station_or":{"width":29,"height":20,"x":0,"y":121,"pixelRatio":1,"visible":true},"dc-metro-station_or-sv":{"width":38,"height":20,"x":29,"y":121,"pixelRatio":1,"visible":true},"dc-metro-station_rd":{"width":29,"height":20,"x":67,"y":121,"pixelRatio":1,"visible":true},"dc-metro-station_rd-bl-or-sv":{"width":38,"height":20,"x":96,"y":121,"pixelRatio":1,"visible":true},"dc-metro-station_rd-gr-yl":{"width":47,"height":20,"x":134,"y":121,"pixelRatio":1,"visible":true},"dc-metro-station_sv":{"width":29,"height":20,"x":181,"y":121,"pixelRatio":1,"visible":true},"dc-metro-station_yl":{"width":47,"height":20,"x":0,"y":141,"pixelRatio":1,"visible":true},"metro-green-yellow-orange-blue-silver":{"width":47,"height":20,"x":47,"y":141,"pixelRatio":1,"visible":true},"us-highway-reflen2":{"width":20,"height":20,"x":228,"y":101,"pixelRatio":1,"visible":true},"us-interstate-reflen2":{"width":20,"height":20,"x":210,"y":121,"pixelRatio":1,"visible":true},"us-state-reflen2":{"width":20,"height":20,"x":230,"y":121,"pixelRatio":1,"visible":true},"dc-metro-elevator_bl-or-sv":{"width":42,"height":19,"x":94,"y":141,"pixelRatio":1,"visible":true},"dc-metro-elevator_bl-sv":{"width":33,"height":19,"x":136,"y":141,"pixelRatio":1,"visible":true},"dc-metro-elevator_gr":{"width":24,"height":19,"x":169,"y":141,"pixelRatio":1,"visible":true},"dc-metro-elevator_gr-yl":{"width":33,"height":19,"x":193,"y":141,"pixelRatio":1,"visible":true},"dc-metro-elevator_gr-yl-or-bl-sv":{"width":42,"height":19,"x":0,"y":161,"pixelRatio":1,"visible":true},"dc-metro-elevator_or":{"width":24,"height":19,"x":42,"y":161,"pixelRatio":1,"visible":true},"dc-metro-elevator_rd":{"width":24,"height":19,"x":66,"y":161,"pixelRatio":1,"visible":true},"dc-metro-elevator_rd-gr-yl":{"width":42,"height":19,"x":90,"y":161,"pixelRatio":1,"visible":true},"dc-metro-elevator_rd-or-bl-sv":{"width":33,"height":19,"x":132,"y":161,"pixelRatio":1,"visible":true},"dc-metro-entrance_bl-or-sv":{"width":46,"height":19,"x":165,"y":161,"pixelRatio":1,"visible":true},"dc-metro-entrance_bl-sv":{"width":37,"height":19,"x":211,"y":161,"pixelRatio":1,"visible":true},"dc-metro-entrance_gr":{"width":28,"height":19,"x":226,"y":141,"pixelRatio":1,"visible":true},"dc-metro-entrance_gr-yl":{"width":37,"height":19,"x":0,"y":180,"pixelRatio":1,"visible":true},"dc-metro-entrance_gr-yl-or-bl-sv":{"width":46,"height":19,"x":37,"y":180,"pixelRatio":1,"visible":true},"dc-metro-entrance_or":{"width":28,"height":19,"x":83,"y":180,"pixelRatio":1,"visible":true},"dc-metro-entrance_rd":{"width":28,"height":19,"x":111,"y":180,"pixelRatio":1,"visible":true},"dc-metro-entrance_rd-gr-yl":{"width":46,"height":19,"x":139,"y":180,"pixelRatio":1,"visible":true},"dc-metro-entrance_rd-or-bl-sv":{"width":37,"height":19,"x":185,"y":180,"pixelRatio":1,"visible":true},"metro-entrance-gr-yl-or-bl-sv":{"width":46,"height":19,"x":0,"y":199,"pixelRatio":1,"visible":true},"default-reflen3":{"width":24,"height":18,"x":222,"y":180,"pixelRatio":1,"visible":true},"metro-station-white-14":{"width":18,"height":18,"x":46,"y":199,"pixelRatio":1,"visible":true},"us-state-reflen3":{"width":24,"height":17,"x":64,"y":199,"pixelRatio":1,"visible":true},"default-reflen2":{"width":20,"height":16,"x":88,"y":199,"pixelRatio":1,"visible":true},"boat-tour-black-14":{"width":14,"height":14,"x":108,"y":199,"pixelRatio":1,"visible":true},"gate-black-14":{"width":14,"height":14,"x":122,"y":199,"pixelRatio":1,"visible":true},"trail_shield":{"width":67,"height":12,"x":136,"y":199,"pixelRatio":1,"visible":true},"peak-black-10":{"width":10,"height":10,"x":246,"y":180,"pixelRatio":1,"visible":true},"national_trail_shield_carrot":{"width":18,"height":9,"x":203,"y":199,"pixelRatio":1,"visible":true},"oneway_arrow_gray":{"width":24,"height":8,"x":221,"y":199,"pixelRatio":1,"visible":true}}