{"rows":[{"type":"airport","icon_group":2},{"type":"airstrip","icon_group":2},{"type":"all-terrain vehicle trail","icon_group":3},{"type":"all-terrain vehicle trail","icon_group":3},{"type":"amphitheater","icon_group":3},{"type":"anchorage","icon_group":3},{"type":"atm","icon_group":4},{"type":"backcountry ski trail","icon_group":3},{"type":"battlefield marker","icon_group":4},{"type":"beach","icon_group":3},{"type":"bench","icon_group":4},{"type":"bicycle trail","icon_group":3},{"type":"bicycle trail","icon_group":3},{"type":"bike rack","icon_group":4},{"type":"boat dock","icon_group":3},{"type":"boat dock","icon_group":3},{"type":"boat launch","icon_group":4},{"type":"boat storage","icon_group":4},{"type":"bookstore","icon_group":3},{"type":"bridge","icon_group":4},{"type":"brochure box","icon_group":4},{"type":"bus stop / shuttle stop","icon_group":3},{"type":"cabin","icon_group":3},{"type":"campfire ring","icon_group":4},{"type":"campground","icon_group":2},{"type":"campsite","icon_group":3},{"type":"cannon","icon_group":4},{"type":"canoe / kayak access","icon_group":3},{"type":"cathedral","icon_group":4},{"type":"cave entrance","icon_group":3},{"type":"chapel","icon_group":4},{"type":"church","icon_group":4},{"type":"cinema","icon_group":3},{"type":"clinic","icon_group":2},{"type":"cross-country ski trail","icon_group":3},{"type":"dam","icon_group":3},{"type":"directional sign","icon_group":4},{"type":"downhill ski trail","icon_group":3},{"type":"dump station","icon_group":4},{"type":"dumpster","icon_group":4},{"type":"emergency telephone","icon_group":2},{"type":"entrance / exit","icon_group":4},{"type":"entrance station","icon_group":1},{"type":"fee booth","icon_group":4},{"type":"ferry terminal","icon_group":3},{"type":"first aid station","icon_group":2},{"type":"fish cleaning","icon_group":4},{"type":"fish hatchery","icon_group":4},{"type":"fishing","icon_group":3},{"type":"flag pole","icon_group":3},{"type":"floating restroom","icon_group":4},{"type":"food box / food cache","icon_group":4},{"type":"food service","icon_group":3},{"type":"forest","icon_group":3},{"type":"fountain","icon_group":4},{"type":"garden","icon_group":4},{"type":"gas station","icon_group":3},{"type":"gateway sign","icon_group":4},{"type":"gift shop","icon_group":3},{"type":"golf course","icon_group":3},{"type":"grill","icon_group":4},{"type":"harbor","icon_group":3},{"type":"historic building","icon_group":4},{"type":"historic cabin","icon_group":4},{"type":"historic district","icon_group":4},{"type":"historic marker","icon_group":4},{"type":"historic mine","icon_group":4},{"type":"historic ruins","icon_group":4},{"type":"historic ship","icon_group":4},{"type":"historic site","icon_group":4},{"type":"horse camp","icon_group":3},{"type":"horseback riding","icon_group":3},{"type":"hospital","icon_group":2},{"type":"ice rink","icon_group":3},{"type":"information","icon_group":2},{"type":"information board","icon_group":2},{"type":"information map","icon_group":4},{"type":"interpretive exhibit","icon_group":4},{"type":"landing strip","icon_group":2},{"type":"laundry","icon_group":4},{"type":"library","icon_group":3},{"type":"lighthouse","icon_group":2},{"type":"litter receptacle","icon_group":4},{"type":"lodge","icon_group":3},{"type":"lodging","icon_group":3},{"type":"mailbox","icon_group":3},{"type":"marina","icon_group":3},{"type":"memorial","icon_group":4},{"type":"monument","icon_group":4},{"type":"mooring","icon_group":3},{"type":"motorized trail","icon_group":3},{"type":"motorized trail","icon_group":3},{"type":"museum","icon_group":3},{"type":"non-motorized trail","icon_group":3},{"type":"overlook","icon_group":2},{"type":"parking lot","icon_group":3},{"type":"pavilion","icon_group":3},{"type":"picnic area","icon_group":3},{"type":"picnic table","icon_group":3},{"type":"playground","icon_group":4},{"type":"point of interest","icon_group":3},{"type":"post office","icon_group":3},{"type":"potable water","icon_group":4},{"type":"primitive camping","icon_group":3},{"type":"ranger station","icon_group":2},{"type":"recycling","icon_group":4},{"type":"regulatory sign","icon_group":4},{"type":"restroom","icon_group":4},{"type":"roadside pullout","icon_group":3},{"type":"rv campground","icon_group":3},{"type":"scuba diving","icon_group":3},{"type":"sculpture","icon_group":4},{"type":"seaplane base","icon_group":3},{"type":"self guiding trail","icon_group":3},{"type":"shelter","icon_group":2},{"type":"showers","icon_group":3},{"type":"sledding","icon_group":3},{"type":"spring","icon_group":3},{"type":"stable","icon_group":4},{"type":"steps","icon_group":4},{"type":"store","icon_group":3},{"type":"swimming area","icon_group":3},{"type":"telephone","icon_group":4},{"type":"totem pole","icon_group":4},{"type":"tower","icon_group":2},{"type":"trail marker","icon_group":4},{"type":"trail register","icon_group":3},{"type":"trail sign","icon_group":3},{"type":"trailhead","icon_group":3},{"type":"train station","icon_group":3},{"type":"tree","icon_group":3},{"type":"tunnel","icon_group":3},{"type":"vault toilet","icon_group":4},{"type":"viewpoint","icon_group":2},{"type":"visitor center","icon_group":1},{"type":"water access","icon_group":3},{"type":"waterfall","icon_group":2},{"type":"wheelchair accessible","icon_group":3},{"type":"woods","icon_group":3},{"type":"wreck","icon_group":3}],"time":0.004,"fields":{"type":{"type":"string","pgtype":"text"},"icon_group":{"type":"number","pgtype":"int4"}},"total_rows":140}